1,1.1,"ჩეშირის კატა
"
2,2,"დიოგენე სინოპელი
"
3,3,"აღმოსავლეთის აღმოსავლეთის ექსპრესი
"
4,4,"დედოფალი ვიქტორიას მკურნალი ექიმი
"
5,5,"ოდესა
"
6,6,"არნოლდ შვარცენეგერის
"
7,7,"ტატუზე თარიღი წერია რომაული ციფრებით
"
8,8,"ალფრედ ნობელს
"
9,9,"ჰეგზამეტრი
"
10,10,"რედბულიმია
"
11,11,"დარვინი
"
12,12,"ნეკერჩხლის ფოთლები
"
13,13,"ტელევიზორის პულტის
"
14,14,"დრაკონული კანონი
"
15,15,"თომას მორი
"
16,16,"მარიამი, იესო, იოსები
"
17,17,"პიერ რიშარი
"
18,18,"მოსკოვი
"
19,19,"გრიფები
"
20,20,"იეროგლიფი
"
21,21,"კურილის კუნძულები
"
22,22,"მზის ლაქები
"
23,23,"ლაილა
"
24,24,"ბიბლია
"
25,25,"აირანმენი
"
26,26,"უხილავი ხელი
"
27,27,"ტუვე იანსონი
"
28,28,"შეიმოსა ყვითელი მაისურით
"
29,29,"ბაბა-იაგა
"
30,30,"ოქროს ტოტი
"
31,31,"ჩექმებიანი კატა
"
32,32,"ადამ სმიტი
"
33,33,"ულვაშები მოიპარსეს
"
34,34,"აღმოსავლეთის ქარი
"
35,35,"ფოსფორი
"
36,36,"მონღოლეთი
"
37,37,"რძეს ნაღებს ხდიდა
"
38,38,"ფუთი მარილი
"
39,39,"ჯორჯ ორუელი
"
40,40,"დააცემინა
"
41,41,"ფარდობითობის თეორია
"
42,42,"რობინ ჰუდი
"
43,43,"ვირჯილიო
"
44,44,"ოქროს ხბო
"
45,45,"კატარსტროფა
"
46,46,"ნილ არმსტრონგს
"
47,47,"შვეიცარია
"
48,48,"საკუთარი მუხლები
"
49,49,"მარქსი და ენგელსი
"
50,50,"ემირ კუსტურიცა
"
51,51,"ფენ-შუის სპეციალისტი
"
52,52,"დალტონი
"
53,53,"წითელი ცხენი
"
54,54,"ავერსი, რევერსი
"
55,55,"პარკინსონი
"
56,56,"My love
"
57,57,"Army of lovers
"
58,58,"ტიუსოს ცვილის ფიგურების მუზეუმში
"
59,59,"ციხე-სიმაგრე
"
60,60,"Smoke on the daughter
"
61,61,"მაკბეტი
"
62,62,"დედაქალაქი
"
63,63,"ლუსი
"
64,64,"მხატვარი
"
65,65,"წამწამების ტუში და ცრემლები
"
66,66,"ეტიუდი ყავისფერ ტონებში
"
67,67,"დედიშობილა
"
68,68,"უსახელო ნაბიჭვრები
"
69,69,"ანდერძის წერა
"
70,70,"დარვინი
"
71,71,"პორტრეტი, ავტოპორტრეტი
"
72,72,"ვიკილ
"
73,73,"ნიკიტა ხრუშჩოვი
"
74,74,"თვითმკვლელობა
"
75,75,"ციფრული კამერა
"
76,76,"საათის ისრები
"
77,77,"თიხის ფეხები
"
78,78,"სალიერი
"
79,79,"იესო ქრისტე და იესო ნავე
"
80,80,"პაკ-მენი
"
81,81,"ფხენიანში
"
82,82,"როზენკრანცი და გილდესტერნი
"
83,83,"ბოშათა ბანაკი (ტაბორი)
"
84,84,"ნამაზს (ლოცვას)
"
85,85,"შავი ბაზარი
"
86,86,"ვებ-სერფინგი
"
87,87,"გილიოტინა
"
88,88,"ლევი სტროსის
"
89,89,"პიანინოს შავ კლავიშას
"
90,90,"ბაქო
"
91,91,"ბარაბა
"
92,92,"მთვარეული
"
93,93,"კარტ-ბლანში
"
94,94,"პირველი თოვლი
"
95,95,"სათვალე.
"
96,96,"ჩუპა-ჩუპსზე.
"
97,97,"ტელეგრაფის გამოგონების. (მორზეს აპარატი)
"
98,98,"რწყილი და ჭიანჭველა.
"
99,99,"სამი მუშკეტერი
"
100,100,"აშშ-ს პრეზიდენტების (პროფესიების)
"
101,101,"მარკა
"
102,102,"ბერმუდი.
"
103,103,"კარგი, ცუდი და ბოროტი.
"
104,104,"კოღოზე.
"
105,105,"ოსკარის ქანდაკებებისგან.
"
106,106,"ოკეანე, Ocean
"
107,107,"მატრიოშკები.
"
108,108,"კოცნა
"
109,109,"ღამურებისგან.
"
110,110,"მზარეულებზე.
"
111,111,"მოსეს
"
112,112,"გოლფი
"
113,113,"პიზას კოშკი
"
114,114,"მიკროტალღური ღუმელი
"
115,115,"ალისა
"
116,116,"გრინვიჩის მერიდიანი
"
117,117,"საფოსტო მტრედებზე.
"
118,118,"Reservoir Dogs (Бешеные псы; ცოფიანი ძაღლები)
"
119,119,"სკოტლენდ-იარდს.
"
120,120,"ხომალდის ჩაშვება წყალში.
"
121,121,"სარკე.
"
122,122,"მამაკაცის გული (კაცის გული)
"
123,123,"კაკაო
"
124,124,"წინასწარმეტყველება (მკითხაობა და ა.შ)
"
125,125,"ბერლინში
"
126,126,"ყურებამდე შეყვარებული.
"
127,127,"ჰამელნი და თაგვები.
"
128,128,"ვირთხებზე.
"
129,129,"ცხენი.
"
130,130,"გულივერი, კრუზო.
"
131,131,"შეცვალეს მოძრაობის მხარე
"
132,132,"შაქრის.
"
133,133,"ედვარდ მუნკი
"
134,134,"ყურები
"
135,135,"წარსული, აწმყო, მომავალი.
"
136,136,"ფობოსი და დეიმოსი
"
137,137,"ჯეიმს ბონდს
"
138,138,"F5
"
139,139,"სიკვდილით დასჯა
"
140,140,"კენტავრი
"
141,141,"ტიტანიკზე.
"
142,142,"საგზაო ნიშანი.
"
143,143,"ევერესტი. (ან ნეპალის რომელიმე სხვა ღირსშესანიშნაობა: საგარმათას ეროვნული პარკი, კატმანდუს ხეობა, ჩიტვანის სამეფოპარკი, ლუმბინი...)
"
144,144,"ანკარაზე
"
145,145,"ნიქსონის ჩანაწერები.
"
146,146,"ბარბექიუ (Barbecue, Barbeque ჩაითვლება)
"
147,147,"სოფო ხალვაში
"
148,148,"ჰემინგუეი.
"
149,149,"სუფლე და სუფლიორი.
"
150,150,"ომი და მშვიდობა.
"
151,151,"აკულისტი
"
152,152,"გოლიათი
"
153,153,"სინონიმი.
"
154,154,"კობრას.
"
155,155,"Marry Harry
"
156,156,"დანიელი.
"
157,157,"მასლოუს პირამიდა.
"
158,158,"scarefacebook
"
159,159,"ბოტო.
"
160,160,"ოპელ (ჩათვლა: ოპელ-ოპელ)
"
161,161,"ამური. (ჩათვლა: კუპიდონი).
"
162,162,"მაიკლ ჯექსონი.
"
163,163,"ბაბა იაგა
"
164,164,"უჩინმაჩინი (ჩათვლა: უხილავი კაცი და ა.შ.)
"
165,165,"საფეხბურთო კლუბი „ლივერპული“.
"
166,166,"ჩაკ ნორისი.
"
167,167,"ოთხი.
"
168,168,"მეორე პუნიკური ომი (უბრალოდ ""პუნიკური ომიც"" ითვლება)
"
169,169,"ფორმულა 1
"
170,170,"აპლოდისმენტები, ოვაციები
"
171,171,"5 ნოემბერი
"
172,172,"აეროსმიტი
"
173,173,"ბენჯამინ ფრანკლინი
"
174,174,"პარისი
"
175,175,"ყვითელი ზღვა
"
176,176,"მაინ რიდი
"
177,177,"სახელის გადარქმევა
"
178,178,"ძაღლის თავი
"
179,179,"Punk Panther
"
180,180,"მეფის აჩრდილი
"
181,181,"[ერვინ] შრედინგერი
"
182,182,"პოტიომკინის სოფელი (სოფლები)
"
183,183,"ნადირობის სეზონი
"
184,184,"თამაში ჭვავის ყანაში
"
185,185,"მარგარეტ ტეტჩერი
"
186,186,"IV(რომაული ოთხი)
"
187,187,"კალათბურთის ბურთი
"
188,188,"ვესპასიანე
"
189,189,"რძე
"
190,190,"წელიწადის დროების.
"
191,191,"გადასახადებისგან თავის არიდებაში.
"
192,192,"ფუტკრებზე.
"
193,193,"საკუთარ ვალს.
"
194,194,"მათრახის დარტყმა
"
195,195,"ცენტრალური სადაზვერვო სამმართველო.
"
196,196,"სადაზღვეო სააგენტოები
"
197,197,"მარაოზე.
"
198,198,"ენა.
"
199,199,"უილიამ თეკერეი
"
200,200,"პარფიუმერია
"
201,201,"ჯუღაშვილი
"
202,202,"რათა მათ წვერი მოეშვათ
"
203,203,"ლუჩანო პავაროტის
"
204,204,"მესია.
"
205,205,"პანდა.
"
206,206,"მისი ყველა გვერდი ერთი ფერის იყო.
"
207,207,"ეძიე ქალი. (Cherchez la femme)
"
208,208,"შვილზე (ბავშვზე).
"
209,209,"ცენზორი
"
210,210,"ქარავანი
"
211,211,"პოეზია.
"
212,212,"რისი დამტკიცებაც გვინდოდა.
"
213,213,"El Dorado / ელდორადო
"
214,214,"რომელმან შექმნა სამყარო.
"
215,215,"სინდისი.
"
216,216,"ჯოკონდას ღიმილი
"
217,217,"გაზონის საკრეჭი მანქანების.
"
218,218,"მუსიკა
"
219,219,"ტუნელი
"
220,220,"სიცრუის დეტექტორის.
"
221,221,"OBAMA 1; OSAMA 0
"
222,222,"წურბელაზე.
"
223,223,"ჰეროსტრატე.
"
224,224,"George Best.
"
225,225,"იყიდა და გაანადგურა მარკების უმეტესობა, 109 000 ცალი ეგზემპლარი.
"
226,226,"აკვალანგი.
"
227,227,"ცვლის ბეჭდვის მიმართულებას.
"
228,228,"წიგნებზე.
"
229,229,"კადრებს
"
230,230,"წამების იარაღებს.
"
231,231,"პაკისტანი
"
232,232,"ფიდელ კასტრო.
"
233,233,"გარი ოლდმანი
"
234,234,"ბაბილონი
"
235,235,"ბიბლია
"
236,236,"რევოლუცია (Revolution)
"
237,237,"პარასკევი, 13
"
238,238,"დარტ ვეიდერზე (Darth Vader)
"
239,239,"ტოლიატი.
"
240,240,"აკაკი წერეთელი.
"
241,241,"მარიო.
"
242,242,"Pandalism
"
243,243,"სიამი
"
244,244,"ივან ვასილის ძე იცვლის პროფესიას.
"
245,245,"რეკორდი
"
246,246,"აპოკალიფსის ოთხი მხედარი.
"
247,247,"თემიდა
"
248,248,"ვარსკვლავური ომები (Star Wars)
"
249,249,"ლომი
"
250,250,"დედის.
"
251,251,"1) ბლუმკვისტი; 2) პეპი გრძელი წინდა.
"
252,252,"ტოტია.
"
253,253,"აჯიკისტანი (ჩათვლა: აჯიკეთი).
"
254,254,"Bone Appetit
"
255,255,"ბაროკო; მაროკო.
"
256,256,"IX
"
257,257,"ცხვარი, ასლის გადასაღები აპარატი. (დოლი, ქსეროქსი)
"
258,258,"ჯეიმს ბონდი.
"
259,259,"ვიქტორია.
"
260,260,"იძინე, როგორც ჩვილმა.
"
261,261,"ოთხყურა სამყურა.
"
262,262,"ადამის ნეკნი.
"
263,263,"გაზსადენი მილები.
"
264,264,"საფოსტო მტრედები.
"
265,265,"INRI
"
266,266,"Баю-баюшки-баю
"
267,267,"ორსონ უელსი
"
268,268,"flu
"
269,269,"კრიალოსანი
"
270,270,"ორეგონი
"
271,271,"ორი ნული, 00
"
272,272,"ჟასმინი
"
273,273,"ჯორჯ სოროსი
"
274,274,"მთა რაშმორი
"
275,275,"ჩრდილი
"
276,276,"ზაზუნას დღე
"
277,277,"მინერალური
"
278,278,"[ჯონ] დალტონი
"
279,279,"მელიტონ ქანთარია
"
280,280,"ჰიდრა
"
281,281,"1) ლერნეს ჰიდრა; 2) ავგიას თავლა
"
282,282,"რასპუტინი
"
283,283,"კერკეტი კაკალი
"
284,284,"ლეგო
"
285,285,"პოლიციელი
"
286,286,"ზარბაზანი.
"
287,287,"მსოფლიოს 7 საოცრებას.
"
288,288,"ქსოვილი სინამდვილეში ობობას ქსელია
"
289,289,"ნიშნობის ბეჭდების ტარება.
"
290,290,"ჩაი
"
291,291,"თვითონაც ერთჯერადია
"
292,292,"სფინქსი. (სფინქსი ვაშინგტონიდან)
"
293,293,"თემიდა
"
294,294,"პითაგორა
"
295,295,"Make Lovecraft, Not Warcraft
"
296,296,"გრინგო
"
297,297,"კანალიზაციაზე.
"
298,298,"იესოზე.
"
299,299,"ცისფერი მთები ანუ დაუჯერებელი ამბავი
"
300,300,"მთქნარებაზე.
"
301,301,"Yung
"
302,302,"საკუთარი ტელეფონების მფლობელები
"
303,303,"აპოკალიფსის ოთხი მხედარი
"
304,304,"@
"
305,305,"ექიმი უოტსონი
"
306,306,"რენტგენი.
"
307,307,"უკანასკნელი (ბოლო) წვეთი
"
308,308,"ჯერი
"
309,309,"ბოდლერი, ბორდელი.
"
310,310,"სასიყვარულო სამკუთხედი
"
311,311,"ლაზარე
"
312,312,"გარინჩა
"
313,313,"სიმღერა.
"
314,314,"ლას-ვეგასზე
"
315,315,"ჰომოსექსუალიზმი.
"
316,316,"ნაპოლეონ ბონაპარტე.
"
317,317,"ჯოლი როჯერი (Jolly Roger)
"
318,318,"კონსერვის გახსნაზე
"
319,319,"ჯონ ლენონი
"
320,320,"ფუტურამა (Futurama)
"
321,321,"თითის ანაბეჭდი
"
322,322,"იჩქარე ნელა (Festina Lente)
"
323,323,"ბრუტუსი.
"
324,324,"დონ კიხოტი
"
325,325,"ნელსონ მანდელა
"
326,326,"თანამგზავრი
"
327,327,"ნიშნობის ბეჭდის ტარება არათითზე
"
328,328,"იესო ქრისტეს.
"
329,329,"ტოტერის ვარიანტში ყველა როლს ჩაპლინი თამაშობდა.
"
330,330,"აბრაამის.
"
331,331,"ინდიანა ჯონსი
"
332,332,"მარიო.
"
333,333,"საჩვენებელი თითი
"
334,334,"The Lord of the Strings
"
335,335,"SS
"
336,336,"კიანუ რივზი
"
337,337,"სიბერე
"
338,338,"სანტა კლაუსები
"
339,339,"იესოს.
"
340,340,"არფა, რაფა, ფარა.
"
341,341,"ფანქარი და სათლელი.
"
342,342,"ნაბახუსევს.
"
343,343,"კრემაცია, სასაფლაო.
"
344,344,"პარაბელუმს
"
345,345,"Klosed
"
346,346,"სემუელ კოლტი
"
347,347,"დიოგენე.
"
348,348,"ზემო ვოლტა
"
349,349,"ჰამელნელი ვირთხიჭერია
"
350,350,"დორიან გრეი
"
351,351,"მუჰამედი და მთა.
"
352,352,"მონსტრადამუსი.
"
353,353,"ლიტერატურის მასწავლებლისგან (მასწავლებლისგან)
"
354,354,"იურიული პერიოდი.
"
355,355,"წითელკუდა.
"
356,356,"4 ივლისი.
"
357,357,"ბეისბოლი.
"
358,358,"მოაზროვნე.
"
359,359,"თაფლობის თვე.
"
360,360,"კატენაჩო
"
361,361,"საპნის ბუშტების გაშვება
"
362,362,"მარია-ანტუანეტა
"
363,363,"სტალინის როლი
"
364,364,"ტობოსა (ელ-ტობოსა)
"
365,365,"ზიპო
"
366,366,"წრეები მინდორზე
"
367,367,"ჯეიმს კამერონი
"
368,368,"სპაგეტი (მაკარონი)
"
369,369,"ფუკუშიმა, ჰიროშიმა
"
370,370,"ნარცისიზმი
"
371,371,"ღმერთი
"
372,372,"დიადი მუნჯი
"
373,373,"Six And The City
"
374,374,"რეი ბრედბერი
"
375,375,"ქვიშის საათი
"
376,376,"ჯეკი (ჯეკ მფატრავი)
"
377,377,"ფიდელ კასტრო
"
378,378,"თურქეთი
"
379,379,"გინესი
"
380,380,"კალამში.
"
381,381,"რომის პაპს
"
382,382,"ეიფელის კოშკზე
"
383,383,"მზის
"
384,384,"ქოლგაზე
"
385,385,"ბაყაყები ვერ ხედავენ უძრავ ობიექტებს.
"
386,386,"ბუშტებით (საჰაერო ბურთებით)
"
387,387,"I V X
"
388,388,"ჩიპსები
"
389,389,"ხანძრის
"
390,390,"ექო
"
391,391,"ბუმერანგზე
"
392,392,"რათა მოგვიანებით შვილს სახლი აეშენებინა.
"
393,393,"თივის ზვინში
"
394,394,"წამწამების.
"
395,395,"სანთებელა
"
396,396,"მარკებს
"
397,397,"1941
"
398,398,"კოლიზეუმში
"
399,399,"ფორთოხალზე.
"
400,400,"შარვალი
"
401,401,"ათას ერთი ღამის მუზეუმი
"
402,402,"დაფეხმძიმდება
"
403,403,"გველებზე
"
404,404,"მან არაფერი იცის.
"
405,405,"მონოპოლია
"
406,406,"თამბაქოზე
"
407,407,"ამოწმებენ ცომის სიმკვრივეს.
"
408,408,"ომების
"
409,409,"ბორბალს
"
410,410,"ფანქარზე
"
411,411,"ოლიმპიურ (ოლიმპ.პოლიმერებად)
"
412,412,"გუდიარი
"
413,413,"ტომ სოიერი, ჰეკლბერი ფინი.
"
414,414,"გოთები
"
415,415,"ორთქლის, ოხშივრის
"
416,416,"ბამბუკი
"
417,417,"კაპიტალი
"
418,418,"ტომი და ჯერი
"
419,419,"ღვინო
"
420,420,"საკუთარ სხეულს
"
421,421,"ჭამაზე
"
422,422,"4-ს და 8-ს.
"
423,423,"1984
"
424,424,"ფანჯარა
"
425,425,"ჯეიმს ფენიმორ კუპერი
"
426,426,"დიდი თვალები
"
427,427,"კონვერსები
"
428,428,"House M.D.
"
429,429,"ცოცხლად დამარხვისას
"
430,430,"M (მაკდონალდსის ლოგო)
"
431,431,"ნოკია
"
432,432,"მიშელ ნოსტრადამუსი
"
433,433,"კბილის ჯაგრისი
"
434,434,"თინა კანდელაკი
"
435,435,"არსებობს
"
436,436,"მეძავი
"
437,437,"ბანკის ძარცვა
"
438,438,"გააკრეს იესო ჯვარზე
"
439,439,"მაიკროსოფტი. როუმ დაარსებულ ფირმას მაიკ როუ სოფტი დაარქვა.
"
440,440,"ტერმინატორი 2: განკითხვის დღე
"
441,441,"პიქსელები.
"
442,442,"ფრანც კაფკა.
"
443,443,"ბაბა-იაგა
"
444,444,"ბებერი სინიორი, ბებერი სინიორა
"
445,445,"საასტუმრო უოტერგეიტში
"
446,446,"გრამოფონების მწარმოებლები
"
447,447,"მტერი, ტერი.
"
448,448,"მკვდარი.
"
449,449,"ბოიარდის ციხესიმაგრე.
"
450,450,"საფეხბურთო კლუბი არსენალი
"
451,451,"4 ივლისს დაბადებული.
"
452,452,"ასაწონი გირები.
"
453,453,"საფრთხობელა.
"
454,454,"ხშირად ფალსიფიცირებადი, ხშირად გაყალბებადი.
"
455,455,"პოლონელები
"
456,456,"კოტენ კლუბი
"
457,457,"ტრიუმფალური თაღი
"
458,458,"ფილადელფია
"
459,459,"ბარბი და ბარბადოსი
"
460,460,"ტალ-ავივი
"
461,461,"ჩაკ ბერი
"
462,462,"მარმარილო და ქვიშა
"
463,463,"რორშახი
"
464,464,"ჰერცოგი ველინგტონი და დიუკ ელინგტონი
"
465,465,"როკტობერფესტი
"
466,466,"იოანე ნათლისმცემელი
"
467,467,"კინემატოგრაფი (კინო) და კომიქსი
"
468,468,"ქოლგა
"
469,469,"პროკრუსტე
"
470,470,"ტარანტინო ადან ზედამდე
"
471,471,"დოლი
"
472,472,"ჭის ამოთხრა
"
473,473,"უსაფრთხოების ღვედი
"
474,474,"[ქვეითსაწინააღმდეგო] ნაღმები
"
475,475,"ვაშლი
"
476,476,"იმის მისახვედრად, რომ ტყვიები მთავრდება.
"
477,477,"დარტყმა წელს ქვემოთ.
"
478,478,"ვატიკანის
"
479,479,"ნამგალი და ურო.
"
480,480,"შოკოლადში რძის შერევა დაიწყეს.
"
481,481,"კატანას ქარქაშში ჩაგება.
"
482,482,"3D
"
483,483,"თეთრი სახლი
"
484,484,"კოცნაზე.
"
485,485,"საჭმელი ჩხირები.
"
486,486,"ზანგი (ნიგერი)
"
487,487,"პირანიების.
"
488,488,"ადამიანის შეგრძნებების, 5 გრძნობის
"
489,489,"სულიკო არის როგორც კაცის, ასევე ქალის სახელი.
"
490,490,"ცოლის ღალატზე.
"
491,491,"მინი-კაბების
"
492,492,"გაუჩინარებისთვის
"
493,493,"ისინი გერმანელები იყვნენ. მაშინდელ ინტერში სამი გერმანელი თამაშობდა: კლინსმანი, ლოთარ მათეუსი და ანდრეას ბრემე.
"
494,494,"ჰიტლერი
"
495,495,"თავისუფლება.
"
496,496,"თავის ქალაზე.
"
497,497,"რაშმორის მთა
"
498,498,"მიწისძვრა.
"
499,499,"ბოინგი.
"
500,500,"შამპუნის.
"
501,501,"ჩრდილი
"
502,502,"ხარაკირის.
"
503,503,"ზღვის ვარსკვლავი.
"
504,504,"გოთები.
"
505,505,"ფიქრზე.
"
506,506,"MU
"
507,507,"თუკი სუფრასთან 13 ადამიანი ზის.
"
508,508,"თევზის.
"
509,509,"აღმართა საბჭოთა დროშა რაიხსტაგის თავზე.
"
510,510,"გრავიტაცია
"
511,511,"ტაფაზე
"
512,512,"ჩრდილოეთ პოლუსზე.
"
513,513,"მოძრაობის წესები, მოძრაობა მარცხენა ზოლიდან მარჯვენა ზოლში გადავიდა.
"
514,514,"3,14-ს (რიცხვი პი)
"
515,515,"ეიფელის კოშკი
"
516,516,"რობოტები
"
517,517,"მაგნიტს.
"
518,518,"ხვრინვა.
"
519,519,"არისტოტელეზე
"
520,520,"მაცივარი.
"
521,521,"დრაკონიერები
"
522,522,"ტუში წამწამებისთვის
"
523,523,"ნახვრეტების რაოდენობა სამარილეებზე
"
524,524,"დიდი ძმა (Big Brother)
"
525,525,"I’ll be back ან Hasta la vista, baby
"
526,526,"ირონია
"
527,527,"პიზა
"
528,528,"სალვადორ დალიზე
"
529,529,"მობილური ტელეფონი.
"
530,530,"კბილი
"
531,531,"ბორატი
"
532,532,"Lost
"
533,533,"ნოე
"
534,534,"ჰოლმსი და უოტსონი
"
535,535,"3,14
"
536,536,"აკა მორჩილაძე
"
537,537,"რუსული რულეტკა
"
538,538,"თეთრი სპილო
"
539,539,"იონა
"
540,540,"iPod
"
541,541,"ჰოკუ (ჰაიკუ)
"
542,542,"ვლადიმირ სტერეომახი.
"
543,543,"საკვამურებიდან ამოსულ კვამლს
"
544,544,"კივილი.
"
545,545,"სპარტელები
"
546,546,"ვიოლინოს გასაღები
"
547,547,"დანაშაულებათა.
"
548,548,"პოტიომკინის სოფელი.
"
549,549,"საჯინიბო.
"
550,550,"ფენ[იქსად]
"
551,551,"მთვარე
"
552,552,"დიდი ძმა
"
553,553,"წმინდა პატრიკის დღე (17 მარტი)
"
554,554,"ისუ ნავესი
"
555,555,"დილმა
"
556,556,"[ერვინ რუდოლფ იოზეფ] შრედინგერი
"
557,557,"შვედური სამეფო ოჯახი, შვედური ოჯახი
"
558,558,"სტენლი კუბრიკი
"
559,559,"კიბე ზეცისკენ
"
560,560,"თვითმკვლელები
"
561,561,"თომას ჰობსი
"
562,562,"რკინის ფარდა
"
563,563,"სიამის ტყუპები
"
564,564,"ელინორ რიგბი
"
565,565,"წიგნის ჭია
"
566,566,"ფრანკენშტეინი
"
567,567,"სათადარიგოთა სკამი
"
568,568,"ბოულინგი
"
569,569,"ჰიჩკოკი
"
570,570,". (წერტილი)
"
571,571,"ანგელოზი
"
572,572,"ალექსანდრე ბლოკი
"
573,573,"თერმოპილე
"
574,574,"სუპერ მარიო
"
575,575,"ბებიჯი
"
576,576,"თეთრ დათვს
"
577,577,"ტრუმენ კაპოტე
"
578,578,"იაკოკა-კოლა
"
579,579,"ვიკილიქსი
"
580,580,"თეთრთავა არწივი
"
581,581,"ალბერტ აინშტაინი
"
582,582,"ტაბაკი
"
583,583,"პარასკევა, რობიზონ კრუზო
"
584,584,"გიულჩატაი
"
585,585,"ჰოკეის ბალახზე და ჰოკეის ყინულზე
"
586,586,"სპენსერი
"
587,587,"აწყობს რუბიკის კუბს
"
588,588,"მადლობა
"
589,589,"ნეგატივებს
"
590,590,"Pop-Art
"
591,591,"მოცემული სურათი
"
592,592,"გლაზგო
"
593,593,"ევრიკა
"
594,594,"ცხვირის ნესტო
"
595,595,"სახრჩობელა
"
596,596,"ნიუტონი, აინშტაინი, მაკკეი
"
597,597,"ლენინგრადს და სტალინგრადს
"
598,598,"ფრედი
"
599,599,"ჩემი მეგობარი ნოდარი
"
600,600,"მადამ ტიუსო
"
601,601,"კომპლექსური
"
602,602,"რენე იგიტა
"
603,603,"OMG
"
604,604,"უატი
"
605,605,"ეშაფოტი
"
606,606,"საქართველო
"
607,607,"საკუთარი გული
"
608,608,"საკონტაქტო ლინზები
"
609,609,"WWF
"
610,610,"ივან ეფრემოვი
"
611,611,"ნოკია
"
612,612,"კვარიათი
"
613,613,"ბროწეული
"
614,614,"I will be Bach
"
615,615,"დიდმარხვას
"
616,616,"ეგვიპტე
"
617,617,"პირველი მერცხალი
"
618,618,"ყრუ მაყურებელი
"
619,619,"რომის პაპს
"
620,620,"მაგნიტი (ბუნებრივი მაგნიტი)
"
621,621,"ნავთობს
"
622,622,"მზე
"
623,623,"ეკვატორი
"
624,624,"იღებდნენ ფილმს „ქარწაღებულნი“
"
625,625,"ადამიანი
"
626,626,"ქაღალდის ფული
"
627,627,"მონაკო
"
628,628,"მელოტებზე
"
629,629,"ცხენები არ ეწევიან და არ სვამენ
"
630,630,"მატრიოშკებს.
"
631,631,"მაცივარს
"
632,632,"სწრაფად
"
633,633,"თვალი
"
634,634,"ნაგვის ყუთი
"
635,635,"პლეიერი (ვოქმენი)
"
636,636,"როდესაც საჭმელს გთავაზობენ.
"
637,637,"რათა ხალხმა არ იფიქროს, რომ მას ღამე სახლში არ გაუთევია
"
638,638,"Windows 95
"
639,639,"ინგლისში ტრანსპორტი გზის მარცხენა მხარეს მოძრაობს.
"
640,640,"ნარკომანებზე
"
641,641,"ყავაზე
"
642,642,"სათვალეს.
"
643,643,"ქირურგიულ იარაღებს.
"
644,644,"ანესთეზიისთვის
"
645,645,"თუკი ყველა შვილი მდედრობითი სქესის იქნებოდა.
"
646,646,"კუდი
"
647,647,"მზე და მთვარე
"
648,648,"მზე
"
649,649,"მიდასი.
"
650,650,"პიანინოს კლავიატურაზე (პიანინოზე, ფორტეპიანოზე)
"
651,651,"ცხვირსახოცი.
"
652,652,"ტელევიზორს
"
653,653,"მატრიცა (The Matrix)
"
654,654,"Mozilla Firefox (ჩაითვლება აზრობრივად სწორი ყველა პასუხი)
"
655,655,"ცვილის
"
656,656,"სტალაქტიტი, სტალაგმიტი.
"
657,657,"სპაგეტი
"
658,658,"ცეცხლი
"
659,659,"ბრაილის შრიფტი. (ბრაილის ანბანი)
"
660,660,"ლაბირინთს
"
661,661,"უძილობა (ინსომნია)
"
662,662,"სიდედრისთვის
"
663,663,"ნილოსი
"
664,664,"დუმილი, ოქრო.
"
665,665,"ბენჯამინ ფრანკლინი
"
666,666,"Girlcott (გერლკოტი)
"
667,667,"თეთრი სახლის შავი დიასახლისი.
"
668,668,"ჭამე, ილოცე, გიყვარდეს.
"
669,669,"უსამა ბინ-ლადენი.
"
670,670,"ჯეილ ბლეიზერსი (Jail Blazers)
"
671,671,"რომან პოლანსკი
"
672,672,"ტროას ომი
"
673,673,"იოჰანეს გუტენბერგი
"
674,674,"სტივი ვანდერი.
"
675,675,"ბოტელი (Botel)
"
676,676,"Dr. Dre
"
677,677,"დიდი ბრიტანეთის ჰიმნი (God Save the Queen/King)
"
678,678,"პეპელა
"
679,679,"როდენი
"
680,680,"სიამაყე და ცრურწმენა
"
681,681,"შროშანი
"
682,682,"კბილის ჯაგრისი
"
683,683,"მატრიოშკა
"
684,684,"შლიმანი
"
685,685,"სანთლის ჩაქრობა
"
686,686,"კაკოფონია (კაკაფონია)
"
687,687,"თვითმკვლელთა ხიდი
"
688,688,"ჰუმბერტ ჰუმბერტი
"
689,689,"ქობულეთი
"
690,690,"ვარდისფერი სათვალე
"
691,691,"გინეები
"
692,692,"კედელი
"
693,693,"თეთრი დროშა
"
694,694,"მრავალუჯრედიანი
"
695,695,"ვარსკვლავური ხეივანი
"
696,696,"აბაზანაში
"
697,697,"ალო
"
698,698,"ცერბერისთვის
"
699,699,"კაკაო და ყავა
"
700,700,"ძველი(თ) ახალი წელი
"
701,701,"ლადოს ბანკი
"
702,702,"ყველაზე ბოლოს გამოცხადებული მეომრის
"
703,703,"დარტსი
"
704,704,"რეკლამა
"
705,705,"ალოე
"
706,706,"აირწინაღზე
"
707,707,"ციფრებზე
"
708,708,"იაპონელები მიწისძვრას უფრთხიან
"
709,709,"ჟანგზე
"
710,710,"მიაჩნიათ, რომ სწორედ ამ ადგილას მოკლა კაენმა აბელი.
"
711,711,"ჭადრაკის ფიგურების
"
712,712,"ნაჯახს
"
713,713,"ლეგოს კუბიკისგან
"
714,714,"ჰოლდენ კოლფილდი
"
715,715,"მექანიკური ფორთოხალი
"
716,716,"დაფიცება
"
717,717,"გო
"
718,718,"საჰაერო ბურთი
"
719,719,"თამბაქო
"
720,720,"თემიდა
"
721,721,"შაგრენის ტყავი
"
722,722,"უჩინმაჩინის ქუდი
"
723,723,"პური და სანახაობა.
"
724,724,"ჭადრაკის საათი
"
725,725,"დეჟა ვიუ
"
726,726,"საბრძოლო სპილოები
"
727,727,"კლუბის წევრების რაოდენობა
"
728,728,"სასიყვარულო სამკუთხედი
"
729,729,"ჰაკერი (Lifehacker)
"
730,730,"ძილის დროს
"
731,731,"ავტოპილოტი
"
732,732,"გულივერს
"
733,733,"ღია ბარათების
"
734,734,"წითელი (ჩაითვლება ვარდისფერი)
"
735,735,"ქვიშის საათი
"
736,736,"მაცივარი
"
737,737,"გააღო პანდორას ყუთი
"
738,738,"სასიყვარულო სამკუთხედი
"
739,739,"მატრიოშკები
"
740,740,"ჯოკერი
"
741,741,"რენტგენი
"
742,742,"რიფკა ყველაზე ახალგაზრდა ბებია გახდა
"
743,743,"საფლავის ქვას
"
744,744,"ვარდების ომი.
"
745,745,"ვესპასიანე
"
746,746,"ჩეშირი
"
747,747,"იუდა
"
748,748,"ვილჰელმ დამპყრობელმა დაიპყრო ინგლისი
"
749,749,"ტოტი.
"
750,750,"სელინჯერი
"
751,751,"მაიკლ ჯექსონი
"
752,752,"ანაკონდა
"
753,753,"მიტროსექსუალი
"
754,754,"მათუსალა
"
755,755,"მარსი
"
756,756,"ჭკუას
"
757,757,"იოანე პავლე მეორე (კაროლ ვოიტილა)
"
758,758,"დაე იქმნას ნათელი (Fiat Lux)
"
759,759,"ნიზამი, მიზანი
"
760,760,"ლაბირინთი
"
761,761,"ჩადიოდა მზე
"
762,762,"შავი პიარი
"
763,763,"იამაიკა
"
764,764,"ზაზუნას დღე
"
765,765,"ორი ლულა
"
766,766,"თოფის წამალი
"
767,767,"მადამ ტიუსო
"
768,768,"კალიგულა
"
769,769,"ქვიშის საათი
"
770,770,"სარდინები
"
771,771,"ბატუტი
"
772,772,"ვინსენტ ვან გოგი
"
773,773,"იან რაში
"
774,774,"მეხუთე კოლონა
"
775,775,"იმჰოტეპი
"
776,776,"ჯორჯ ორუელი
"
777,777,"შხაპი
"
778,778,"დიანა
"
779,779,"მას ხელები არ აქვს, შესაბამისად მათი ზუსტი სიგრძე უცნობია
"
780,780,"შერლოკ ჰოლმსის
"
781,781,"Я люблю вас
"
782,782,"ჭადრაკის ფიგურების
"
783,783,"მტკნარ წყალს
"
784,784,"ქვეყანაში ყველა ფეხსაცმლის გარეშე დადიოდა.
"
785,785,"მეხამრიდის.
"
786,786,"რათა მოთამაშეებს ბურთი ხელში არ აეღოთ.
"
787,787,"რესპუბლიკელი
"
788,788,"ბემბო
"
789,789,"სანტა კლაუსები
"
790,790,"შიმშილი
"
791,791,"კანზე
"
792,792,"Time (Today Information Means Everything)
"
793,793,"ტელეფონი.
"
794,794,"წითელი და შავი
"
795,795,"უცნობი ჯარისკაცი
"
796,796,"Queens (ქუინსი; კუინზი)
"
797,797,"პილინგვი
"
798,798,"დრაკონის კოცნა
"
799,799,"არა, ორი! (Nein, Zwei!)
"
800,800,"ნერონი
"
801,801,"გერმანია
"
802,802,"რუსული რულეტკა
"
803,803,"რომაული არდადეგები
"
804,804,"უკან მომავალში
"
805,805,"საზღვარი
"
806,806,"ფეოლა
"
807,807,"მაიკლ ჯექსონი
"
808,808,"პორტვეინი (სიტყვასიტყვით: პორტის ღვინო)
"
809,809,"ქუდზე
"
810,810,"გუგულისთვის (საათის)
"
811,811,"ცნობილი
"
812,812,"საერთო რვეული
"
813,813,"რეტროსექსუალი
"
814,814,"აბელი
"
815,815,"ჰალსტუხის შეკვრის
"
816,816,"ციკლოპის
"
817,817,"ტელეფონის
"
818,818,"კბილის საჩიჩქნ ჩხირებზე
"
819,819,"საათის ისრებს
"
820,820,"[ბარაქ] ობამა
"
821,821,"ბოდიში მოიხადა
"
822,822,"დროის სარტყლების
"
823,823,"თეთრი კანის ფერმა
"
824,824,"ჩავაქრო ლამპარი (ჩავაქრო ჩირაღდანი)
"
825,825,"გილგამეში (გილ-კამეჩი)
"
826,826,"ალისა საოცრებათა ქვეყანაში
"
827,827,"რომის ლეგიონერი, რომას ლეგიონერი
"
828,828,"ZOM
"
829,829,"ჰიუ ლორი
"
830,830,"[იულიუს] კეისარი
"
831,831,"მუშკეტერები
"
832,832,"ბიბლია
"
833,833,"ზემო ზღვა - შავი ზღვა, ქვემო ზღვა - სპარსეთის ყურე
"
834,834,"არგენტინა და იამაიკა
"
835,835,"პორტუგალიური ენის ცოდნა
"
836,836,"@
"
837,837,"სტომატოლოგი (დანტისტი)
"
838,838,"სახელი (სახელწოდება)
"
839,839,"ბაზ ოლდრინი (ნილ არმსტრონგის შემდეგ მეორე ადამიანი მთვარეზე)
"
840,840,"[ლედი] ჰამილტონი
"
841,841,"სტრადივარიუსი
"
842,842,"სტუდია პიქსარი
"
843,843,"საქარე მინის საწმენდებს (დვორნიკებს)
"
844,844,"ხიდი „ოქროს კარიბჭე“ (Golden Gate Bridge)
"
845,845,"შუქნიშანი
"
846,846,"ექიმი დულიტლი
"
847,847,"დერვიში
"
848,848,"კბილსაჩიჩქნი (კბილის საჩიჩქნი)
"
849,849,"ექსტრემალი და ექსტრემისტი
"
850,850,"ელინგტონი
"
851,851,"ალისა
"
852,852,"(1) სისხლიანი მერი; (2) შავი ქვრივი
"
853,853,"ოპერეტა, ოპერა
"
854,854,"მონტაჟი
"
855,855,"ლარს ფონ ტრიერი
"
856,856,"კანოსა
"
857,857,"პოეზია
"
858,858,"მიწაზე დაშვება
"
859,859,"სპენსერი
"
860,860,"იაკობ და ვილჰელმ გრიმები (ძმები გრიმებიც ითვლება)
"
861,861,"საბურავებს
"
862,862,"ფინეგანის ქელეხი
"
863,863,"რიცხვები
"
864,864,"ლოკომოტივი
"
865,865,"ანა კურნიკოვა
"
866,866,"რომაული არდადეგები
"
867,867,"დანიილ ხარმსი
"
868,868,"ენიგმა
"
869,869,"ნაპოლეონის პროფილი (სილუეტი)
"
870,870,"აბდალი
"
871,871,"აღმოსავლეთის ექსპრესის
"
872,872,"წიგნის ჭიები
"
873,873,"Go West
"
874,874,"ამერიკული აქცენტი
"
875,875,"ინკუნაბულა
"
876,876,"სრინივასა რამანუჯანი
"
877,877,"კავკასიური ცარცის წრე
"
878,878,"გიგანტების მხრები
"
879,879,"უჯრა (უჯრედი)
"
880,880,"ჰორაციო ნელსონი
"
881,881,"Martina II
"
882,882,"დორიან გრეის პორტრეტი
"
883,883,"ფესი (ფესკა)
"
884,884,"სპოკი
"
885,885,"ტეხავს
"
886,886,"მელია, ყურძენი
"
887,887,"თეთრი საყელო
"
888,888,"ბუ
"
889,889,"კონტრასტების ქალაქი
"
890,890,"ლუდიტები
"
891,891,"სახლს, რომელიც ააშენა ჯეკმა
"
892,892,"ფუნქცია
"
893,893,"პატი
"
894,894,"iRobot
"
895,895,"სექსი, მუშაობა (ითვლება მხოლოდ ამ თანამიმდევრობით)
"
896,896,"შერბური
"
897,897,"თეთრი ბაირაღები
"
898,898,"არშავინი
"
899,899,"კარლ ფრიდრიხ გაუსი
"
900,900,"ნიუ-იორკი
"
901,901,"ბუენოს-აირესი
"
902,902,"ლისაჟუ
"
903,903,"ბერლინში
"
904,904,"ბასტერ კიტონი
"
905,905,"სანთებელა „ზიპო“
"
906,906,"თეთრი ლაქები
"
907,907,"ჩინგიზბურგერი
"
908,908,"ძაღლისთვის
"
909,909,"ჟერარ დეპარდიე
"
910,910,"თქვენს საფლავზე
"
911,911,"„მამაკაცები შავებში“ (Men in Black)
"
912,912,"ფანტაზია
"
913,913,"მათემატიკა
"
914,914,"ვუდრო უილსონი
"
915,915,"თუკი ლოიდ ჯორს დატოვებდა ანტარქტიდაზე, ანუ აღარ წამოიყვანდა უკან.
"
916,916,"შექმნილიყო ფონდი, რომელიც ყოველწლიურად გასცემდა პრემიებს.
"
917,917,"კენ კიზი
"
918,918,"მორგან ფრიმენი
"
919,919,"თვითმომსახურება
"
920,920,"მე ხომ ვერასოდეს ვარტყამ მიზანში - უპასუხა მსახიობმა
"
921,921,"საიდუმლო კუნძული
"
922,922,"აქილევსი
"
923,923,"ჯერი
"
924,924,"ექიმი ვატსონი
"
925,925,"„გაღმა ნაპირი“
"
926,926,"მენდელეევის პერიოდული სისტემა
"
927,927,"ჯიმი ჰენდრიქსი
"
928,928,"დეზერტირების ბაზრობა
"
929,929,"შავი ჭირი
"
930,930,"არაფრისმთქმელი სიტყვების
"
931,931,"ფულის საჭრელი მანქანა (მონეტის ფულის საჭრელი მანქანა)
"
932,932,"ცალკარა
"
933,933,"ლაზარე
"
934,934,"ბემბი
"
935,935,"მეფე ლომი
"
936,936,"გრინგო
"
937,937,"სასწორი.
"
938,938,"გვამების
"
939,939,"რუსთავი 2
"
940,940,"H5N1 (ფრინველის გრიპი)
"
941,941,"რომეო და ჯულიეტა
"
942,942,"მის მეორე ხელს.
"
943,943,"ტეტრისზე
"
944,944,"სათამაშო (პიერ რიშარით)
"
945,945,"კომუნიზმი, კაპიტალიზმი
"
946,946,"ბრინჯი
"
947,947,"Ada sees God
"
948,948,"X – ლურჯი ფერი, Y - წითელი ფერი (ითვლება აზრობრივად სწორი ყველა პასუხი)
"
949,949,"ტყუპები :)
"
950,950,"პიანინოს (ფორტეპიანოს)
"
951,951,"პენსილვანია და ტრანსილვანია
"
952,952,"სარა კონორი
"
953,953,"მირაჟიო
"
954,954,"ბოროტება
"
955,955,"ჯუნო (იუნონა)
"
956,956,"ჩოგბურთს თამაშობენ
"
957,957,"ივანე მიჩურინი
"
958,958,"კასანდრა
"
959,959,"რკინის კაცი (Iron Man)
"
960,960,"ქარონის ქრონიკები.
"
961,961,"ჯონთან სვიფტი.
"
962,962,"ფორმულა 1, მასა
"
963,963,"მყრალა (სკუნსი, სქანქი)
"
964,964,"ბორიელო
"
965,965,"დაბლმინთი.
"
966,966,"კოლტი
"
967,967,"ფარგო
"
968,968,"„თაიმსი“ (ბრიტანული გაზეთი)
"
969,969,"მუსიკალური ნოტები
"
970,970,"სარკე
"
971,971,"პოლ გოგენი
"
972,972,"მარგარეთ ტეტჩერი
"
973,973,"ფრანც-იოსების მიწა (რუსეთისაა)
"
974,974,"როდეო
"
975,975,"ბენჯამინ ბატონი
"
976,976,"პასტერნაკი
"
977,977,"სპარსეთის პრინცი (პერსიის პრინცი)
"
978,978,"დრაკონის კბილები
"
979,979,"გულივერი
"
980,980,"დალმაცია
"
981,981,"ტელესკოპი (ჭოგრიტი)
"
982,982,"საბუკმეკერო კანტორები (ტოტალიზატორები)
"
983,983,"ნაბუკო (ნავუხოდონოსორი)
"
984,984,"კასანდრა
"
985,985,"ვულკანები
"
986,986,"ინდიანა ჯონსი
"
987,987,"დრედნოუტი
"
988,988,"რომი
"
989,989,"შანელი
"
990,990,"არკადი გაიდარი
"
991,991,"ჯოჯოხეთისაკენ მიმავალი გზა კეთილი სურვილებით არის მოკირწყლული
"
992,992,"სტანისლავ ლემი
"
993,993,"უნგრული ენა
"
994,994,"სიცოცხლე, სიკვდილი
"
995,995,"მარშალ მაკლუენი (მაკლუჰანი)
"
996,996,"კლეფსიდრა
"
997,997,"თეთრი კვამლი
"
998,998,"მაკრატელი
"
999,999,"აბელი
"
1000,1000,"ქრომოსომებს
"
1001,1001,"ბაბილონი
"
1002,1002,"ფრონდა
"
1003,1003,"Big Bang
"
1004,1004,"ამერიკაში
"
1005,1005,"ნიჩაბი
"
1006,1006,"ალუბლის ბაღი
"
1007,1007,"Ford T
"
1008,1008,"Asus
"
1009,1009,"კაენი
"
1010,1010,"გოდო
"
1011,1011,"რივერდანსი
"
1012,1012,"Slow Food
"
1013,1013,"მკვდარი, ცოცხალი
"
1014,1014,"თორმეტი სკამი
"
1015,1015,"მალკოლმ X
"
1016,1016,"მაჟოტავრი
"
1017,1017,"დაბადება (შობა)
"
1018,1018,"თქვენო უდიდებულესობავ (Your Majesty)
"
1019,1019,"ნემსის ყუნწი, აქლემი
"
1020,1020,"აფრიკაანსზე
"
1021,1021,"პუშკინი
"
1022,1022,"კლაივ სტეიპლზ ლუისი
"
1023,1023,"სამოქალაქო ომის წინათგრძნობა
"
1024,1024,"ოპიუმი
"
1025,1025,"ნევარკი (ნიუარკი)
"
1026,1026,"ცხვირი (პროფილი)
"
1027,1027,"ულისე გრანტი
"
1028,1028,"ვახტანგ VI
"
1029,1029,"ჰაინრიხ ჰაინე
"
1030,1030,"ჟაკ-ივ კუსტო
"
1031,1031,"ტეტრისი
"
1032,1032,"განტევების ვაცი
"
1033,1033,"რუსული ბგერა Г
"
1034,1034,"შემოდგომით
"
1035,1035,"პატრიკ ზიუსკინდი
"
1036,1036,"ანარეკლი [სარკეში]
"
1037,1037,"ბულგარი - Bulgari
"
1038,1038,"ხმელი ფოთოლი
"
1039,1039,"ჰერბერტ უელსი
"
1040,1040,"პერუს დროშა
"
1041,1041,"http
"
1042,1042,"ფლინტი, ფლირტი.
"
1043,1043,"იუდას [ისკარიოტელის]
"
1044,1044,"მწვანე სათვალე
"
1045,1045,"სტივენ ჰოუკინგი
"
1046,1046,"დონ კინგი
"
1047,1047,"ოქროს რქა
"
1048,1048,"""კლასობანა""
"
1049,1049,"ფრედერიკ შოპენი
"
1050,1050,"ქარონი
"
1051,1051,"მოსკოვი.
"
1052,1052,"ამინდის პროგნოზი
"
1053,1053,"იანუსი
"
1054,1054,"[შაქრიანი] დიაბეტი
"
1055,1055,"Fedex
"
1056,1056,"პური, სანახაობა.
"
1057,1057,"ჰამელნში
"
1058,1058,"ბაბილონი
"
1059,1059,"შვეიცარიული დანა (ჩათვლა: ვიქტორინოქსი, ვენგერი).
"
1060,1060,"სლოვენია
"
1061,1061,"[ერნიო] რუბიკი
"
1062,1062,"სენდვიჩი
"
1063,1063,"იპოთეკა
"
1064,1064,"მეექვსე დღე
"
1065,1065,"ვუვუზელა
"
1066,1066,"ჰიპოკრატე
"
1067,1067,"თვალი
"
1068,1068,"fast food
"
1069,1069,"იქსი
"
1070,1070,"დედლაინს (Deadline)
"
1071,1071,"სადამ ჰუსეინი
"
1072,1072,"ოსტატი და მარგარიტა
"
1073,1073,"Hitler Kaput! (ჰიტლერ კაპუტ)
"
1074,1074,"ანტარქტიდა.
"
1075,1075,"მაფია
"
1076,1076,"...რომ ხელნაწერს იპოვიან.
"
1077,1077,"იეროგლიფი
"
1078,1078,"დარვინი
"
1079,1079,"ჯორჯ ლუკასი
"
1080,1080,"ფურცლის გადასაშლელად
"
1081,1081,"კატებს
"
1082,1082,"მენდელეევი.
"
1083,1083,"ჯენტლმენი, იღბალი. ფილმი - იღბლიანი ჯენტლმენები.
"
1084,1084,"ფუტკარზე
"
1085,1085,"„მეტრო-გოლდვინ-მაიერის“ ლომები
"
1086,1086,"იმპიჩმენტი
"
1087,1087,"”ჯანმრთელობისთვის სახიფათოა”
"
1088,1088,"ბურატინო
"
1089,1089,"Pixar (პიქსარი)
"
1090,1090,"ისლამის მიღება
"
1091,1091,"გერმანია და ბრაზილია
"
1092,1092,"თუკი მწოლიარე ხვრინავს
"
1093,1093,"ჰიტ ლეჯერი
"
1094,1094,"მახვილგონიერი იდალგო დონ კიხოტ ლამანჩელი
"
1095,1095,"ოლიმპიური თამაშები
"
1096,1096,"იაგუარი
"
1097,1097,"empty
"
1098,1098,"რომელიც მე ასევე არ წამიკითხავს!
"
1099,1099,"დეზების
"
1100,1100,"მიდასი
"
1101,1101,"შენც ბრუტუს! (Et tu, Brute)
"
1102,1102,"ასტრიდ ლინდგრენი
"
1103,1103,"ნიჩვრიტი (გადაჯვარედინებული თითები)
"
1104,1104,"ჩოგბურთს თამაშობდა (მიიღება ასევე ვარიანტი „ლაუნ ტენისი“)
"
1105,1105,"სიკვდილზე.
"
1106,1106,"მე გიჟი არ ვარ.
"
1107,1107,"ძილი
"
1108,1108,"მთვარე
"
1109,1109,"რათა სინათლე არ აერეკლა
"
1110,1110,"სიტყვა
"
1111,1111,"ინგლისური და ფრანგული
"
1112,1112,"პატივისცემის ღირსი კანონები
"
1113,1113,"32 - სულიანი ოჯახის შესაქმნელად
"
1114,1114,"ნილ არმსტრონგი
"
1115,1115,"Vae Victis
"
1116,1116,"ვენეცია
"
1117,1117,"დოსტოევსკი
"
1118,1118,"ბენუა მანდელბროტი
"
1119,1119,"ფრენსის კრიკი და ჯეიმს უოტსონი
"
1120,1120,"ვატერლოო
"
1121,1121,"ბიგ ბენი
"
1122,1122,"ელემენტი
"
1123,1123,"ახალი ცხოვრება
"
1124,1124,"ქვა, მაკრატელი, ქაღალდი
"
1125,1125,"Gay pride and prejudice
"
1126,1126,"დარვინი
"
1127,1127,"ალ გორი
"
1128,1128,"ვაზელინი
"
1129,1129,"FIAT
"
1130,1130,"ომეგა მამრი (ომეგა ძაღლი), Omega-male
"
1131,1131,"ანტონიო გაუდი, საგრადა ფამილია
"
1132,1132,"გუგულს
"
1133,1133,"პარასკევა? შაბათა!
"
1134,1134,"ოფიციალური უქმე დღეები (დღესასწაულები)
"
1135,1135,"რონალდ მაკდონალდი
"
1136,1136,"Quo Vadis
"
1137,1137,"სტადიონები სამხრ. აფრიკის რესპუბლიკაში
"
1138,1138,"მთვარე
"
1139,1139,"რეალიზმი, რომანტიზმი
"
1140,1140,"ტერმიტები
"
1141,1141,"00
"
1142,1142,"გინესი
"
1143,1143,"რუალ ამუნდსენი
"
1144,1144,"ფუტიქსი
"
1145,1145,"კაპიტან გრანტის შვილები
"
1146,1146,"სამხრეთ აფრიკის
"
1147,1147,"ძველი ახალი წელი
"
1148,1148,"პაულო (პავლე)
"
1149,1149,"ბასკია ბასკია
"
1150,1150,"აიზეკ აზიმოვი
"
1151,1151,"სპეის შატლი „ჩელინჯერი“
"
1152,1152,"კანზასი
"
1153,1153,"ჯეიმს კემერონი
"
1154,1154,"ვირის შარდი
"
1155,1155,"ო.ჰენრი
"
1156,1156,"შავი გედი
"
1157,1157,"ეწევა (თამბაქოს)
"
1158,1158,"ცვილის ფიგურა
"
1159,1159,"პიერლუიჯი კოლინა
"
1160,1160,"კელა (ფუტკარი, კრაზანა)
"
1161,1161,"იაპონური კროსვორდი
"
1162,1162,"I'll be back
"
1163,1163,"Cook
"
1164,1164,"ბრიუს ლი
"
1165,1165,"ჰიტლერი
"
1166,1166,"სექსით
"
1167,1167,"ვალებში
"
1168,1168,"მაკდონალდსი
"
1169,1169,"ბუხრის ანთება
"
1170,1170,"მარილისგან დამზადებული ფულის (ფულის დამზადების)
"
1171,1171,"ცოლად მოვიყვანე
"
1172,1172,"უილიამ ფოლკნერი
"
1173,1173,"მანამდე ხომ ვიღაცამ შექმნა ეს ქაოსი?
"
1174,1174,"ხარაკირი (სეპუკუ)
"
1175,1175,"პირველი -  ქუჩები, რომლებსაც მამაკაცების სახელები აქვთ, მეორე - ქუჩები, რომლებსაც ქალების სახელები აქვთ.
"
1176,1176,"ფაშისტი
"
1177,1177,"ბელგია
"
1178,1178,"ჰაუსი და უილსონი
"
1179,1179,"ოსტატი და მარგარიტა (მიხაილ ბულგაკოვის)
"
1180,1180,"სალვადორ დალი.
"
1181,1181,"კალენდრის.
"
1182,1182,"ჰიროსიმა და ნაგასაგი
"
1183,1183,"ჩაის პაკეტებზე
"
1184,1184,"ჯონ დალტონი.
"
1185,1185,"ფრჩხილების კვნეტაზე
"
1186,1186,"მუჰამედ  ალი
"
1187,1187,"turkey
"
1188,1188,"ნეპტუნი
"
1189,1189,"სუფლიორი.
"
1190,1190,"მედუზა გორგონა
"
1191,1191,"პეკმენი
"
1192,1192,"ჩარლი ჩაპლინი
"
1193,1193,"სპამი
"
1194,1194,"დათა თუთაშხია
"
1195,1195,"ფუჯიფილმი
"
1196,1196,"თორმეტი სკამი
"
1197,1197,"ქააბა
"
1198,1198,"მკვდარი სულები
"
1199,1199,"ვერდი
"
1200,1200,"უგლიჩი
"
1201,1201,"ალექსანდრე დიუმა მამა
"
1202,1202,"ნეიზვესტნი (ერნსტ) („უცნობი“-ც ითვლება)
"
1203,1203,"▶ ▶
"
1204,1204,"ზარი
"
1205,1205,"Houston, we have a problem (ჰიუსტონ, პრობლემაა).
"
1206,1206,"კოტე ყუბანეიშვილს
"
1207,1207,"პოულ პოზიცია
"
1208,1208,"მსხვილი შრიფტი
"
1209,1209,"მონოპოლია
"
1210,1210,"სუფლიორი
"
1211,1211,"აირწინაღი
"
1212,1212,"რენდელ პატრიკ მაკმერფი
"
1213,1213,"მჭადი
"
1214,1214,"ჰეთ-თრიკი
"
1215,1215,"როზეტა (რაშიდი)
"
1216,1216,"ნიკოლაი კოპერნიკი
"
1217,1217,"ფუგუ
"
1218,1218,"და ვინჩის კოდი
"
1219,1219,"ქვიშის საათი
"
1220,1220,"MP3
"
1221,1221,"მზესუმზირები
"
1222,1222,"ნემსი
"
1223,1223,"კოლიზეუმი
"
1224,1224,"სსსრ (СССР)
"
1225,1225,"ელემენტარული ლაწირაკები
"
1226,1226,"აბრაამ ლინკოლნი
"
1227,1227,"მონეტა
"
1228,1228,"კლავიატურა უნდა გადართოს რუსულიდან ინგლისურზე.
"
1229,1229,"Merry Christmas!
"
1230,1230,"Pringles
"
1231,1231,"ПроЛЕтарии всех страН, соедИНяйтесь!
"
1232,1232,"42 195 მეტრი
"
1233,1233,"ალაგებდა დომინოს ქვებს.
"
1234,1234,"სტარტის აღება, სტარტი
"
1235,1235,"HTML,  ჰიპერტექსტური აღწერის ენა, HyperText Markup Language, ვებ–გვერდების შესაქმნელი ენა. (მიიღება ნებისმიერი პასუხი).
"
1236,1236,"ღვინის ეტიკეტის.
"
1237,1237,"(ორიგინალურ) SMS-ებს.
"
1238,1238,"მტაცებლის (ან სხვა საშიშროების) მოახლოებას ატყობინებს.
"
1239,1239,"ენერგიის შენახვის/მუდმივობის კანონი.
"
1240,1240,"პუ ი
"
1241,1241,"სოჰო
"
1242,1242,"სპილო
"
1243,1243,"7 ივნისი  (1,010,011,010 = 666)
"
1244,1244,"მიიღო ისლამი
"
1245,1245,"А в остальном, прекрасная маркиза...
"
1246,1246,"ფერნანდო (ერნანდო, ფერნან, ერნან) კორტესი
"
1247,1247,"„მუსიკის ჰანგები“
"
1248,1248,"მარია ტერეზია (ავსტრია), მარკიზა პომპადური (საფრანგეთი) და ელიზავეტა პეტროვნა (რუსეთი)
"
1249,1249,"ერნესტ ჰემინგუეის ცოლობაზე
"
1250,1250,"პროკურატორი (ბულგაკოვი) და პრეფექტი (ეწერა ტაბულაზე)
"
1251,1251,"2005 წელს (კონკლავი)
"
1252,1252,"საფოსტო მარკა
"
1253,1253,"უილ სმიტი
"
1254,1254,"ალ პაჩინო
"
1255,1255,"იანვარისა
"
1256,1256,"ჯეიმსი (ჰარი ჯეიმს პოტერი).
"
1257,1257,"სიჩუმე, დუმილი
"
1258,1258,"“სტად დე ფრანსი”, სენ–დენი
"
1259,1259,"სინამდვილეში ის ქალი იყო მარგარეთ ენნ ბალკლი
"
1260,1260,"ბრაზილია (პროდუქტი - ყავა)
"
1261,1261,"დარტანიანი
"
1262,1262,"პოდიუმი
"
1263,1263,"ზურგქარის (უბრალოდ ქარიც ითვლება)
"
1264,1264,"მამლის ყივილი, მას შემდეგ რაც სამჯერ უარყო ქრისტე
"
1265,1265,"ბუმერანგი
"
1266,1266,"„What a Wonderful World“
"
1267,1267,"პანდორა
"
1268,1268,"წმინდა ნინოს და წმინდა ანდრიას ჯვრები
"
1269,1269,"ედგარ ალან პოს
"
1270,1270,"(რიო დე) ლა–პლატა
"
1271,1271,"(შურდულის) ქვების
"
1272,1272,"იერუსალიმი
"
1273,1273,"ათ თუ არა, რომ არ არსებობს გადაუჭრელი პრობლემა, მაგრამ არსებობს არასაკმარისი თანხა?
"
1274,1274,"ტროას ომის ხანგრძლივობა
"
1275,1275,"ზარი
"
1276,1276,"კოლიზეუმი
"
1277,1277,"ვლად ცეპეში (დრაკულა)
"
1278,1278,"ლეონიდ გაიდაი
"
1279,1279,"პეკინი
"
1280,1280,"მენდელეევი
"
1281,1281,"სელენი
"
1282,1282,"ჟურნალი „შპიგელი“
"
1283,1283,"ბუდა, ბუსი(დო)
"
1284,1284,"მიშლენი
"
1285,1285,"ლოტოსი (ეგვიპტური ლოტოსი)
"
1286,1286,"სპილენძი
"
1287,1287,"ჯონ ლენონი
"
1288,1288,"ჩოგბურთი
"
1289,1289,"ბოდრუმი
"
1290,1290,"ვოზნიაკი და ჯობსი
"
1291,1291,"ლუზიადები
"
1292,1292,"მერკური
"
1293,1293,"ონსაც აუფრენ მუზებს,
"
1294,1294,"Smoke on the Water
"
1295,1295,"ბერთოლდ შვარცი, ალფრედ ნობელი
"
1296,1296,"Kill Bill
"
1297,1297,"ტელეპათია და ტელეპორტაცია
"
1298,1298,"ესე ამბავი სპარსული
"
1299,1299,"მიგდებული ბავშვი (პოდკიდიშ)
"
1300,1300,"ავსტრალიის
"
1301,1301,"ვეშაპის ქონით
"
1302,1302,"მაინ რიდი
"
1303,1303,"დრეზდენი
"
1304,1304,"ტროას ცხენი (ტროიანი)
"
1305,1305,"ავტომანქანები
"
1306,1306,"აშშ–ს დამოუკიდებლობის დეკლარაციაზე
"
1307,1307,"არგენტინა
"
1308,1308,"უმბერტო ეკო
"
1309,1309,"„მფრინავი ჰოლანდიელი“
"
1310,1310,"მამაკაცის ყველა როლს თამაშობდნენ ქალები
"
1311,1311,"ბაი–ბაი, დუბაი! (გუდბაი, დუბაი!)
"
1312,1312,"ირენ ადლერი
"
1313,1313,"ქაღალდს
"
1314,1314,"ლუქსემბურგი
"
1315,1315,"ტამპლიერები
"
1316,1316,"Purposes
"
1317,1317,"ბარონი მიუნჰგაუზენი
"
1318,1318,"გალიუნებზე
"
1319,1319,"4+2+4
"
1320,1320,"ნიკოლო მაკიაველი
"
1321,1321,"გრიგალებს (ტაიფუნი)
"
1322,1322,"ხარი
"
1323,1323,"მობილური ტელეფონით
"
1324,1324,"ბურატინო
"
1325,1325,"მაცივარი
"
1326,1326,"ავჭალა
"
1327,1327,"წმინდა პატრიკი
"
1328,1328,"N2O
"
1329,1329,"ყულაბა
"
1330,1330,"ადოლფ დასლერი
"
1331,1331,"დიანა ღურწკაია
"
1332,1332,"Happy End (Ending)
"
1333,1333,"აშშ–ს არმია
"
1334,1334,"ჯორჯ ჰარისონი
"
1335,1335,"ბრაზილიას
"
1336,1336,"1986
"
1337,1337,"ალფა, ბეტა და გამა
"
1338,1338,"პარმეზანი
"
1339,1339,"სტივენ კინგი
"
1340,1340,"ბერნჰარდ ვერბერი
"
1341,1341,"უძრავი ქონება
"
1342,1342,"ჰერმან მელვილი
"
1343,1343,"ლა–როშელი
"
1344,1344,"გეი
"
1345,1345,"ჟან რენო - „ლეონი“
"
1346,1346,"აბებე ბიკილა
"
1347,1347,"პატიოსანი პოლიტიკოსი
"
1348,1348,"to do, to be, to go
"
1349,1349,"ნუუკი (გოთხობი)
"
1350,1350,"ქუენტინ ტარანტინოს: „მოკალი ბილი“ (უილიამ უოლესი, უილიამ მაკ–კინლი)
"
1351,1351,"აზკაბანი
"
1352,1352,"ვარაზი
"
1353,1353,"გორან ბრეგოვიჩი
"
1354,1354,"Great Firewall of China (""დიდი ჩინური ფაირვოლი"")
"
1355,1355,"ლი ჰარვი ოსვალდი
"
1356,1356,"იმიტომ, რომ ვუდი ალენის ნამდვილი სახელი და გვარი არაის ალენ სტიუარტ კენიგსბერგი; ადრე კალინინგრადს კენიგსბერგი ერქვა
"
1357,1357,"ფარიკაობა
"
1358,1358,"„სკორპიონზი“
"
1359,1359,"ბამბუკი
"
1360,1360,"განსასჯელთა სკამის სიგრძე
"
1361,1361,"გამარჯვების აღლუმი
"
1362,1362,"აღმოსავლეთ ტიმორი
"
1363,1363,"ჯამბაზს
"
1364,1364,"გრანტი
"
1365,1365,
1366,1366,
1367,1367,
1368,1368,
1369,1369,
1370,1370,
1371,1371,
1372,1372,
1373,1373,
1374,1374,
1375,1375,
1376,1376,"ში ორი არასწორი მტკიცებულებაა. 
"
1377,1377,
1378,1378,
1379,1379,
1380,1380,
1381,1381,
1382,1382,
1383,1383,
1384,1384,"11 მაისი
"
1385,1385,"დევიდ ჰერბერტ ლოურენსი
"
1386,1386,"პიერ პაოლო პაზოლინი
"
1387,1387,"ჰელიუმი
"
1388,1388,"ინფლუენცა
"
1389,1389,"სოხუმი
"
1390,1390,"პერუ
"
1391,1391,"კალეიდოსკოპი
"
1392,1392,"აიბო და აიბოლიტი
"
1393,1393,"ჟენევა და გვინევერი
"
1394,1394,"Y
"
1395,1395,"მარილი
"
1396,1396,"ჰელიუმი
"
1397,1397,"სატურნის რგოლები
"
1398,1398,"გოლგოთა
"
1399,1399,"დრამერი
"
1400,1400,"ოსკარების გადაცემის ცერემონიალი
"
1401,1401,"საბჭოური რუბლი, ან საბჭოური მანეთი
"
1402,1402,"ჰელიუმი
"
1403,1403,"ახალი ზელანდია
"
1404,1404,"კოტ დ’ივუარი
"
1405,1405,"შეჰერეზადა
"
1406,1406,"ჰარი პოტერი
"
1407,1407,"ახალი ორლეანი, იუტა
"
1408,1408,"სპარტა
"
1409,1409,"მუჰამედი
"
1410,1410,"ჰიპოკრატე
"
1411,1411,"ბეჭდების მბრძანებელი
"
1412,1412,"კილიმანჯარო
"
1413,1413,"ჯონათან სვიფტი
"
1414,1414,"ტყვია
"
1415,1415,"ფოლკსვაგენი
"
1416,1416,"მეტროპოლიტენი
"
1417,1417,"პლუტონი
"
1418,1418,"კატალონია
"
1419,1419,"ასტრონომია
"
1420,1420,"საჭადრაკო ნოველა
"
1421,1421,"Nero
"
1422,1422,"ქოვენთრი, დრეზდენი
"
1423,1423,"იორდანია
"
1424,1424,"ოშით, მოღერილ ყელით,
"
1425,1425,"ყველაზე გრძელი საინაუგურაციო სიტყვა
"
1426,1426,"ჯორჯ ჰორეის გელაპი
"
1427,1427,"კვერთხი, გურზი
"
1428,1428,"კარდინალი რიშელიე
"
1429,1429,"სიღარიბე
"
1430,1430,"ხანშიშესულების (რუხი - ჭაღარა)
"
1431,1431,"მესაზე დასწრება
"
1432,1432,"ის მელოტია
"
1433,1433,"არლეკინო
"
1434,1434,"წმინდა პორფირე
"
1435,1435,"ჰიუგო გერნსბეკი
"
1436,1436,"ყაყაჩო
"
1437,1437,"Голопам по Европам
"
1438,1438,"ბენჟამინი
"
1439,1439,"ჰარამხანა (ჰარემი, სერალი, ფურდახი)
"
1440,1440,"ისააკ ნიუტონი
"
1441,1441,"ვისკის გამოხდას
"
1442,1442,"სარაგოსა და ბარსელონა
"
1443,1443,"მიკი მაუსი
"
1444,1444,"კვერცხების დაჭიდება
"
1445,1445,"Stairway to Heaven
"
1446,1446,"მეტრო
"
1447,1447,"ვიტორიო დე სიკა
"
1448,1448,"გრინვიჩი
"
1449,1449,"""ელემენტარული ნაწილაკები""
"
1450,1450,"გლ<strong>ამური</strong>, ამური
"
1451,1451,"უზანგი
"
1452,1452,"""შეუძლებელი მისია"" (Mission impossible)
"
1453,1453,"საპატიო მიზეზი
"
1454,1454,"ვიქტორია
"
1455,1455,"იქსი – დისტანციური მართვის პულტი, იგრეკი – ღილაკი
"
1456,1456,"საუბარია ბირთვული განიარაღების სიმბოლოზე
"
1457,1457,"კუდაბზიკა
"
1458,1458,"სალაამ და შალომ – სალამი და შალომიც მიიღება
"
1459,1459,"
"
1460,1460,"მთვარე
"
1461,1461,"ენდრიუ ლოიდ ვებერი
"
1462,1462,"მინი მაუსი
"
1463,1463,"თურქეთი
"
1464,1464,"შრეკი
"
1465,1465,"The Beatles-ის ""Michelle""
"
1466,1466,"ჰოლოგრამა
"
1467,1467,"საუბარია საავტომობილო ნომრებზე.
"
1468,1468,
1469,1469,"დუბლინი
"
1470,1470,"ბაბილონი
"
1471,1471,"პი (π)
"
1472,1472,"DUREX
"
1473,1473,"კატა
"
1474,1474,"შვიდი თავისუფალი ხელოვნება
"
1475,1475,"ბრიტანეთის ჰიმნი (God Save The Queen)
"
1476,1476,"ჯანი ვერსაჩე
"
1477,1477,"ალბერ კამიუ
"
1478,1478,"ცის კამარა
"
1479,1479,"ატონი, ატომი
"
1480,1480,
1481,1481,"Walkman და Johnnie Walker
"
1482,1482,
1483,1483,
1484,1484,
1485,1485,"ევარისტ გალუა
"
1486,1486,
1487,1487,"ნათურა
"
1488,1488,"შახი და გარდე
"
1489,1489,"შუქურის
"
1490,1490,"ღვინო
"
1491,1491,"“კრავთა დუმილი”
"
1492,1492,"ბავშვის (“ბავშვის უფლებათა დეკლარაცია”)
"
1493,1493,"უილიამ შექსპირი და ბერნარდ შოუ
"
1494,1494,"ქვეითსაწინააღმდეგო ნაღმები
"
1495,1495,"არ იცოდა სად წაეღო გამოთავისუფლებული დრო
"
1496,1496,"სტატუეტებზე იტვიფრება მფლობელის გვარი
"
1497,1497,"ქალაქის ციხე
"
1498,1498,"გავლას (სიარულს)
"
1499,1499,"ის მდებარეობს წყალქვეშ (წყნარ ოკეანეში)
"
1500,1500,"სუვოროვი
"
1501,1501,"ძეწნა
"
1502,1502,"რძე
"
1503,1503,"ენა და მარჯვენა ხელი, რათა წართმეოდა ქადაგებისა და წერის უნარი
"
1504,1504,"ლეონარდო და ვინჩი
"
1505,1505,"მტვერსასრუტი
"
1506,1506,"შხარა (5068მ)
"
1507,1507,"აკორდეონი
"
1508,1508,"გატეხილი
"
1509,1509,"პუტჩი
"
1510,1510,"მაიკროფტ ჰოლმსი (კლუბი “დიოგენე”)
"
1511,1511,"ულვაშებით
"
1512,1512,"სიციცხლის ნახევრის მიღწევა
"
1513,1513,"ფეხბურთის მწვრთნელი (ვალერი ნეპომნიაშჩი)
"
1514,1514,"1626 წელს კუნძული მანჰეტენი
"
1515,1515,"“ქარიშხალი”
"
1516,1516,"წითელი და თეთრი (“სისხლის ლაქები თოვლზე”)
"
1517,1517,"ერაზმ როტერდამელი
"
1518,1518,"“ჰიპოკრატეს ფიცი”
"
1519,1519,"წყალი
"
1520,1520,"იორიკი
"
1521,1521,"მერფი
"
1522,1522,"სტადიონი ”მარაკანა”
"
1523,1523,"“პინკერტონის დეტექტიური სააგენტო”
"
1524,1524,"მარქსის ”კაპიტალი”
"
1525,1525,"რადიომაუწყებლობა
"
1526,1526,"კირიბატი
"
1527,1527,"ტურისტი და ტერორისტი
"
1528,1528,"კრემონა
"
1529,1529,"მოსსადი
"
1530,1530,"1914 წლის შემოდგომაზე, I მსოფლიო ომთან ერთად
"
1531,1531,"რუმინეთი
"
1532,1532,"პუშკინები (ოთხივე ა.ს. პუშკინის შვილები იყვნენ)
"
1533,1533,"ჭლექი (ტუბერკულოზი)
"
1534,1534,"რუსეთი, უკრაინა, საქართველო, სამხეთი, ბელარუსი და ა.შ.
"
1535,1535,"აქსელბანდი და ეპოლეტი
"
1536,1536,"სირბილი
"
1537,1537,"წყალი
"
1538,1538,
1539,1539,"ჰეინეკენი
"
1540,1540,"სლობოდან მილოშევიჩი
"
1541,1541,"პოლიტიკოსებს
"
1542,1542,
1543,1543,"კუნძული ცეცხლოვანი მიწა
"
1544,1544,
1545,1545,
1546,1546,"მათემატიკურ მუდმივა პის (π)
"
1547,1547,
1548,1548,"სკუდეტო
"
1549,1549,"სპილოს კბილების მხეხავები (სპილოს სწორედ 24 კბილი აქვს)
"
1550,1550,"კრუპიე კაზინოში
"
1551,1551,"ალექსანდრ სელკირკის (შოტლანდიელი მეზღვაურის)
"
1552,1552,"სპილბერგი
"
1553,1553,"ბრმად თამაში დაფების მაქსიმალურ რაოდენობაზე
"
1554,1554,"7 - საუბარი იყო გრამატიკული ბრუნვებზე
"
1555,1555,"დანტე და ვირგილიუსი
"
1556,1556,"ამერიკელები
"
1557,1557,"ჯ. პუჩინი (პეპელა)
"
1558,1558,"რეკლამას
"
1559,1559,"ჯალათი
"
1560,1560,"მეხანძრე
"
1561,1561,
1562,1562,"ისინი დასფლავებული არიან სტადიონის გაზონის ქვეშ
"
1563,1563,"უსინათლო, ბრმა
"
1564,1564,"ბუზების საკლავად
"
1565,1565,
1566,1566,"ჟესტების ენა
"
1567,1567,
1568,1568,
1569,1569,"გავიხაროთ! (“გაუდეამუს!”)
"
1570,1570,"ესპანელები (არაბასკები)
"
1571,1571,
1572,1572,"ბაობაბი
"
1573,1573,
1574,1574,"“გწამთ თუ არა ღმერთის?”
"
1575,1575,"ჭადრაკი (მიმოწერით)
"
1576,1576,"100 წელი.
"
1577,1577,"საუბარია ალასკაზე
"
1578,1578,
1579,1579,"პროზაიკოსი და კრიტიკოსი
"
1580,1580,"საშინელებათა ფილმები
"
1581,1581,
1582,1582,"პლუტონი
"
1583,1583,"ფილოსოფია, ხელოვნება, ღვთისმეტყველება და იურისპრუდენცია.
"
1584,1584,"ჰ. სტოიჩკოვი
"
1585,1585,"ი. ვ. გოეთე
"
1586,1586,
1587,1587,"“მიაუ”
"
1588,1588,"“როგორ გაჰყვე ცოლად მილიარდერს?!”
"
1589,1589,
1590,1590,"წითელში – ქრისტიანული წყაროები, მწვანეში – მუსლიმანური, ყვითელში – იუდევლური
"
1591,1591,"“მთავარია მონაწილეობა და არა გამარჯვება”
"
1592,1592,"ჰაიავატა
"
1593,1593,"“სონი”, “შარპი” და “სანიო” (Sony, Sharp, Sanyo)
"
1594,1594,"ოლივერ უენდელ ჰოლმსი
"
1595,1595,"რომეო და ჯულიეტას თვითმკვლელობა
"
1596,1596,"“მაშენკა”, “ლოლიტა”, “ადა“
"
1597,1597,"“კოკა-კოლას” კომპანიის
"
1598,1598,"სუპერ-მარიო
"
1599,1599,"ავტომობილის მაგნიტოლა
"
1600,1600,"ზიგმუნდ ფროიდი
"
1601,1601,"“თამაში რიოში მარგალიტებით” («Игра в бисер»)
"
1602,1602,"“იესო ქრისტე - სუპერვარსკვლავი”
"
1603,1603,"ფოტოაპარატის ტელეობიექტივი
"
1604,1604,"იაპონიაში
"
1605,1605,"აბრაჰამ ლინკოლნი
"
1606,1606,"კლეოპატრა და ოფელია
"
1607,1607,"საწამლავი კურარე
"
1608,1608,"სტეროაპარატურა
"
1609,1609,"სიცოცხლე
"
1610,1610,"მეტროპოლიტენის სადგურების რიცხვი
"
1611,1611,"დარტანიანი
"
1612,1612,"“თოლია ჯონათან ლივინგსტონი”, რიჩარდ ბახი
"
1613,1613,"ზოოლოგია
"
1614,1614,"დასაძინებლად
"
1615,1615,"ენა
"
1616,1616,"“ისტმენ კოდაკი” და “ფუჯი ფოტო ფილმი”
"
1617,1617,"ჭადრაკი
"
1618,1618,"«Недоросль», «Горе от ума», «Ревизор»
"
1619,1619,"ჰერბერტ უელსის “უჩინმაჩინი”
"
1620,1620,"ამერიკელი ჯარისკაცის დღიური ულუფის
"
1621,1621,"უმბერტო ეკოს “ვარდის სახელი”
"
1622,1622,"მარგალიტად
"
1623,1623,"“რაბოტნიცა”
"
1624,1624,"ციცერონს
"
1625,1625,"“კამასუტრა”
"
1626,1626,"“სევილიელი დალაქი”
"
1627,1627,"ამნისტია
"
1628,1628,"სასაფლაო
"
1629,1629,"სტუმარზე
"
1630,1630,"ააშენეს ხიდი ავღანეთსა და სსრკ-ს შორის, რომლის მეშვეობითაც გადავიდნენ საბჭოთა ჯარები ავღანეთში
"
1631,1631,"ბიზნესი
"
1632,1632,"ხვრინვის
"
1633,1633,"ბალეტი
"
1634,1634,"კარლ მარქსი
"
1635,1635,"ზეწრის (”ლეიბის”) და საბნის
"
1636,1636,"სიდნეის ოპერის შენობა
"
1637,1637,"ავტორებმა მაფიის სტრუქტურა სპაგეტით სავსე თეფშს შეადარეს
"
1638,1638,"საუბარია ულვაშებზე
"
1639,1639,"სტრესი
"
1640,1640,"განათების არ ქონა (სიბნელე)
"
1641,1641,"პეიზაჟი
"
1642,1642,"ერთი კომპიუტერი ღირდა 666,66 დოლარი
"
1643,1643,"ქალთა საზოგადოებრივი ტუალეტები
"
1644,1644,"დედა
"
1645,1645,"ტელევიზორის დისტანციური პულტი
"
1646,1646,"იუდა ისკარიოტელი
"
1647,1647,"სიყვარული
"
1648,1648,"კიმ ირ სენი
"
1649,1649,"უნიტაზი
"
1650,1650,"სელი
"
1651,1651,"თქვენს მფარველ-ანგელოზს
"
1652,1652,"წერილის ავტორი იყო ფილიპე II მაკედონელი, ხოლო ადრესატი - არისტოტელე
"
1653,1653,"უცენზურო სიტყვებსა და გამონათქვამებს
"
1654,1654,"ზრდილობა, თავაზიანობა
"
1655,1655,"“როკი”
"
1656,1656,"“მაკდონალდსის” რესტორნები
"
1657,1657,"მაისურების გაცვლის პროცესი
"
1658,1658,"“...მათ ძალაუფლებას მიანიჭეს სიმართლე”
"
1659,1659,"ვაკუუმი
"
1660,1660,"მტკნარი წყალი
"
1661,1661,"დიდი დათვი
"
1662,1662,"ჰაიტი
"
1663,1663,"მდინარე ტისა
"
1664,1664,"პელე
"
1665,1665,"ისინი ვეშაპებზე ნადირობენ
"
1666,1666,"სოდომი და ჰომორა
"
1667,1667,"გეორგ ვილჰელმ სტელერი
"
1668,1668,"პერსეპოლისი
"
1669,1669,"ჯონ ედგარ ჰუვერი
"
1670,1670,"შვეიცარია და ვატიკანი
"
1671,1671,"საერთაშორისო ოლიმპიური კომიტეტი
"
1672,1672,"ლოს-ალამოსი
"
1673,1673,"“პატარა უფლისწული”, ანტუან დე სენტ-ეგზიუპერი
"
1674,1674,"ინტერნეტის
"
1675,1675,"კიევი
"
1676,1676,"აშ-ორი-ო (H2O)
"
1677,1677,"საუბარია ბურთულიან კალამზე
"
1678,1678,"“ბავშვი და მისი მოვლა”, ბენჯამენ სპოკი
"
1679,1679,"პასეანსი
"
1680,1680,"მიწისძვრა და ტოკიოს დაბომბვები მე-2 მსოფლიო ომის დროს
"
1681,1681,"ლეონარდო და ვინჩის
"
1682,1682,"იაპონია, ტაილანდი და დიდი ბრიტანეთი
"
1683,1683,"ტრიტონი
"
1684,1684,"სკანდალს ბილ კლინტონისა და მონიკა ლევინსკის ირგვლივ.
"
1685,1685,"იგი ამგვარად სიყვარულს აღწერდა.
"
1686,1686,"ვოლტერმა მას მოლიერის წაკითხვა ურჩია.
"
1687,1687,"ბროლზე ეწერა: ""сделано в ссср""
"
1688,1688,"სამხედრო პატივით იკრძალებოდნენ ქალები, რომლებიც მშობიარობას გადაყვებოდნენ.
"
1689,1689,"რაც უფრო გრძელი კუდი აქვს პირუტყვს, მით უფრო მეტ ბუზს იგერიებს ბალახიდან პირის აუღებლად. შესაბამისად, დროის ერთ მონაკვეთში უკუდო ან მოკლეკუდიანი ცხოველი უფრო ნაკლების მოძოვას ასწრებს, ვიდრე გრძელკუდიანი.
"
1690,1690,"”თუ”
"
1691,1691,"”... როცა იცინის”
"
1692,1692,"ისინი ამ მონაცემებს ქაღალდის ფულის კუპიურებზე წერენ.
"
1693,1693,"სამოთხე.
"
1694,1694,"ოჟერო ნაპოლეონზე გაცილებით მაღალი იყო.
"
1695,1695,"ბამბა
"
1696,1696,"”ილარ” ეწოდება შეჯიბრს ავტომობილებით უკან სვლაში.
"
1697,1697,"არაბებმა როდოსის კოლოსის ნაწილები გაიტანეს.
"
1698,1698,"საუბარია მარილზე.
"
1699,1699,"საუბარია ქოლგაზე.
"
1700,1700,
1701,1701,"თამაში ”რა? სად? როდის?”
"
1702,1702,"მისი მეუღლის გვარი იყო რენტგენი (რენტგენის სხივებით გადაღებული პირველი სურათი სწორედ მისი აღმომჩენის ცოლის ხელის მტევანი იყო).
"
1703,1703,"ბასკებმა ხიშტი გამოიგონეს.
"
1704,1704,"გალილეო გალილეი დროის ინტერვალებს საკუთარი მაჯისცემის საშუალებით ზომავდა.
"
1705,1705,"მან უპასუხა: სამსაათიანი სიტყვის წარმოთქმა ეხლა შემიძლია დავიწყოო.
"
1706,1706,"4, ოთხი, four (ანუ რიცხვი, რომლის მნიშვნელობა უდრის მის სახელში ასოების რაოდენობას).
"
1707,1707,"ეს არის ანაგრამა სიტყვისა Municipalita - მუნიციპალიტეტი.
"
1708,1708,"ყუთში ჩვეულებრივი საანგარიშო იდო :-))
"
1709,1709,"ფალმენმა 1980 წელს პირველად გამოიყენა სმაილი (სიცილაკი, სმაილიკი...), ანუ აღნიშვნა ” :-) ”.
"
1710,1710,"ამ რიცხვებით ბორბლების რაოდენობა აღინიშნება (ანუ, ამ გამოკვლეის მიხედვით, ის ხალხი, ვინც სარგებლობს მანქანით (ანუ ოთხი ბორბლით) უფრო ადრე კვდება, ვიდრე ის, ვინც ფეხით დადის, ხოლო ყველაზე დიდხანს კი ცოცხლობენ ველოსიპედის მქონეები).
"
1711,1711,"მამამ ამ ბავშვს P.S. დაარქვა :-))
"
1712,1712,"ანა ახლა 18 წლისაა.
"
1713,1713,"დოდსონის გამოკვლევების შედეგად შეიქმნა სიცოცხლის დაზღვევის ბიზნესი (მან სტატისტიკურად გამოთვალა, რომ ასეთი სახის ბიზნესს გასაველზე ბევრად მეტი შემოსავალი ექნებოდა, რაც დღემდე ასეა ;-)).
"
1714,1714,"გზა, ცხოვრება, ცხოვრების გზა (სამივე პასუხი ითვლება).
"
1715,1715,"ამ კაცმა მოიგო 20 ოქრო (პირველი ყიდვა-გაყიდვის ოპერაციის შემდეგ მან მოიგო 10 ოქრო, ხოლო მეორის შემდეგაც - 10 ოქრო).
"
1716,1716,"გემების დაკარგვის მიზეზი ოკეანის მოქცევა გახლდათ.
"
1717,1717,"ისინი განსხვავდებოდნენ თმის ვარცხნილობით (ჩამოთვლილი იყო თმის სხვადასხვა სახის ვარცხნილობის სახელწოდებები).
"
1718,1718,"იგი გამოიყენებოდა სავიზიტო ბარათების გასაგზავნად.
"
1719,1719,"ეს სიტყვა ქართულად ჟღერს, როგორც სიდედრი (Hitler Woman არის ანაგრამა სიტყვისა Mother-in-law :-D)
"
1720,1720,"If you have Green Card, you don’t need Visa. (ანუ ამ ფრაზას ეძლევა ორმაგი მნიშვნელობა: 1. თუ გაქვს გრინ-კარდი (ანუ ამერიკაში ცხოვრების უფლება), შენ აღარ გჭირდება ვიზა. და მეორე მნიშვნელობა - 2. თუ შენ გაქვს მწვანე ბარათი (ასე ეძახიან American Express-ის ბარათებს), მაშინ აღარ გჭირდება Visa :-)))
"
1721,1721,"ის იქნებოდა ბრმა. (რადგანაც სინათლის სხივი აღარ აირეკლებოდა მის თვალში და შესაბამისად, იგი ვერაფერს დაინახავდა :-)
"
1722,1722,"ძაღლი - ერთგულება, ჭიანჭველა - ძალა, ხოლო სახედარი - გონიერება.
"
1723,1723,"ხოლო მესამე - მტრის მეგობარი.
"
1724,1724,"საქონელმა დაღის დასმას ვერ გაუძლო :-D (როგორც მოგეხსენებათ, ამერიკის რანჩოებში თავიანთ საქონელს უკანა ნაწილში გახურებული შანთით, რომელზეც რანჩოს სახელია ამოტვიფრული, ასვამენ დაღს, ცხოველებმა კი ამსიგრძე დასახელების მქონე რანჩოს დაღს ვერ გაუძლეს)
"
1725,1725,"ეს კომპონენტია ინგლისურ ენაზე მოლაპარაკე საყვარელი :-D
"
1726,1726,"ქართულად სიტყვა ”უგულ” ნიშნავს ვაჟიშვილს, ბიჭს.
"
1727,1727,"”... ვიდრე მისი სახელი წარმოთქვაო”...
"
1728,1728,"ეს ფირმა ფანჯრის მინებს აწარმოებდა (ბიჭები ფეხბურთის თამაშისას ხშირად უმტვრევდნენ მიმდებარე ტერიტორიაზე მცხოვრებ ხალხს ფანჯრის მინებს და, შესაბამისად, ფირმის შემოსავალიც იზრდებოდა :-)
"
1729,1729,"All Right! (პირდაპირ ქართულ თარგმანში - ”ყველაფერი მარჯვნივ”).
"
1730,1730,"”უკაცრავად, მე თქვენ ვერ შეგამჩნიეთ”.
"
1731,1731,"ეს სარკე უჩვენებდა ნატვრას (Erised უკუღმად იკითხება როგორც Desire (ნატვრა). ქართულად: ”არვტან” – ”ნატვრა”. სარკე უჩვენებდა ადამიანის ნატვრას).
"
1732,1732,"მათ სახლში (იგლუში) რაც უფრო ბევრი ხალხია, მით უფრო თბილა ხოლმე :-D
"
1733,1733,"”... თუ პეპელას დაესიზმრა, რომ ადამიანი იყო”.
"
1734,1734,"საუბარია გოლფზე.
"
1735,1735,"კაენი და აბელი (იან ვერიხმა თქვა, სამწუხაროა, რომ გამრავლების ტექნოლოგია თავის დროზე არ დაპატენტებულა, ამიტომ დღეს ყველა იდიოტს შეუძლია მისი თავისუფლად გამოყენებაო :-) .
"
1736,1736,"რათა შემდეგ ეს ნიჟარები გამოეყენებინათ, როგორც ფულის ერთეული.
"
1737,1737,"მან ეს კვერცხი დაიჭირა :-)
"
1738,1738,"ყველაზე ბევრმა ადამიანმა ამ შეკითხვას შემდეგი პასუხი გასცა: ”მე!” :-)
"
1739,1739,"იგი არ უნდა იყოს ბრმა, ყრუ ან მუნჯი.
"
1740,1740,"ასეთი ქვეყნები არ არსებობს (ანუ კოდი 2 ჯერ არცერთი ქვეყნის ნაწარმისთვის არ მიუნიჭებიათ).
"
1741,1741,"სიზარმაცე.
"
1742,1742,"იგი ამოუცნობ მფრინავ ობიექტზე საუბრობდა.
"
1743,1743,"”... ეს ქალი - მეძავია”.
"
1744,1744,"ესენია სიმართლე და სიცრუე.
"
1745,1745,"მტრედი და კრავი.
"
1746,1746,"ჩვენ მას მეტროს ვუწოდებთ.
"
1747,1747,"საუბარია წამწამებზე.
"
1748,1748,"იგი ამთქნარებს.
"
1749,1749,"გამოვიდა საფოსტო მარკები ჯგუფის წევრების სურათებით (ხოლო მთელი მსოფლიო მათ უკანალს მაშინ ალოკავდა, როდესაც მარკას კონვერტზე დასაკრავად დაასველებდა ;-)).
"
1750,1750,"ფეხსაცმელი მაღალი ქუსლით. :-)
"
1751,1751,"იგი დიდი მეცნიერი ცნობისმოყვარეობის წყალობით გახდა.
"
1752,1752,"ფრანკლინი (დოლარებზე გამოსახული პრეზიდენტები).
"
1753,1753,"მან ენა გამოყო.
"
1754,1754,"”შპარგალკა”.
"
1755,1755,"”... გონებამახვილური წარწერით”.
"
1756,1756,"”... იმის საფუძველზე, რომ იგი ობოლია”.
"
1757,1757,"”... იგი იწვევს სიკვდილს”.
"
1758,1758,"მან ეს პორნოგრაფიული ფილმების შესახებ თქვა.
"
1759,1759,"ლევინსკი (ეს იყო მონიკას მამა).
"
1760,1760,"”აი მესამეს კი ვერაფრით ვერ ვიხსენებ” :-)
"
1761,1761,"დაკარგული ნივთების ბიურო.
"
1762,1762,"”და ა.შ.”
"
1763,1763,"”... ათეიზმი”.
"
1764,1764,"საუბარია ფუტკრებზე.
"
1765,1765,"ეს წიგნი ეძღვნება ჟესტების ენას.
"
1766,1766,"სპიდომეტრით - (”სპიდ” - შიდსი).
"
1767,1767,"ხელმოწერა რომ დაესვა.
"
1768,1768,"მილსადენი (იგი სწორედ რომ სატრანსპორტო საშუალებებში ითვლება).
"
1769,1769,"მთიული.
"
1770,1770,"ეს დისციპლინაა რუსული ენა.
"
1771,1771,"მასზე გამოსახულია მოცარტი.
"
1772,1772,"”... ცეცხლს”.
"
1773,1773,"აშშ-ს ზოგიერთ შტატში, ინექციის ადგილს ამუშავებენ სპირტით, ინექციის საშუალებით სიკვდილით დასჯის დროს.
"
1774,1774,"იგი ინახება ვატიკანში.
"
1775,1775,"საუბარია სიზმრებზე.
"
1776,1776,"ამ სადგურის ეთერში 24 საათის განმავლობაში ისმის ადამიანის გულისცემა.
"
1777,1777,"საუბარია ჩვეულებრივ სკამზე.
"
1778,1778,"ეს არის ტვინი.
"
1779,1779,"ჩანს რენტგენის გამოსახულებაში (და ეს ეხმარება ექიმებს ბავშვების მიერ გადაყლაპული დეტალების პოვნაში).
"
1780,1780,"”... კაზინო”.
"
1781,1781,"მან უპასუხა: ”მეფეზე ძლიერი არის მხოლოდ ტუზი”.
"
1782,1782,"ბიუსტჰალტერი.
"
1783,1783,"ზედმეტი წონა (ვერ ჯდებოდა თავის წონით კატეგორიაში).
"
1784,1784,"Я Люблю Вас (Yellow Blue Bus - Я Люблю Вас).
"
1785,1785,"საუბარია სამგლოვიარო ფერებზე.
"
1786,1786,"ეს მასწავლებელია დრო.
"
1787,1787,"ამ კომპონენტების ფერები შეადგენენ იტალიის დროშის ფერებს (წითელი, თეთრი და მწვანე).
"
1788,1788,"მან გამოიგონა კონვეერი.
"
1789,1789,"ტელევიზორს უყურებდნენ.
"
1790,1790,"დოლარი (ქართველი ”კოლეგა” კი ლარია).
"
1791,1791,"რუბიკი (ასე გამოიგონა ერნო რუბიკმა ”რუბიკის კუბიკი”).
"
1792,1792,"”ვახ!” :-)
"
1793,1793,"თვალის გუგა.
"
1794,1794,"კუკმა ბელადს კუ აჩუქა.
"
1795,1795,"ყუთიდან იმედი ამოვიდა.
"
1796,1796,"ეს არის ჩანგალი.
"
1797,1797,"მათ ყურმილები დაამძიმეს.
"
1798,1798,"უთო (ციფრები კი გრადუსებს აღნიშნავენ).
"
1799,1799,"მას მარილის მოყრა ევალება.
"
1800,1800,"საუბარია კუბოზე.
"
1801,1801,"უბრალოდ მისცეს მათ ფანქრები.
"
1802,1802,"იგი ექოების კოლექციას აგროვებდა.
"
1803,1803,"მწვანე (ამ კომპანიას უნდა დაებეჭდა საერთაშორისო ფედერალური ფული. ასე გაჩნდა მწვანე დოლარები).
"
1804,1804,"”... ერკვევიან მუსიკაში?”
"
1805,1805,"”... როგორ გამოიყენოს”.
"
1806,1806,"რეკლამა.
"
1807,1807,"იცინის.
"
1808,1808,"საუბარია ყველასათვის ცნობილ სიმღერაზე ”Happy Birthday To You”.
"
1809,1809,"იგი კომპასით დაჯილდოვდა.
"
1810,1810,"რა? სად? როდის? :-)
"
1811,1811,"""და სად გინახავთ თქვენ უჩექმო ანგელოზები?""
"
1812,1812,"დამატებითი დრო :-)
"
1813,1813,"თავად ონორე დე ბალზაკის.
"
1814,1814,"”... ჩეჩნების წინააღმდეგ.”
"
1815,1815,"ლას-ვეგასი (ლოცვით კი კაზინოს მოთამაშეები ლოცულობენ, სანამ ბურთულა რულეტში გაჩერდება ან სათამაშო ავტომატი სამ შვიდიანს ჩამოყრის :-).
"
1816,1816,"ლაპლანდიაში (საუბარი იყო სანტა-კლაუსზე).
"
1817,1817,"წითელქუდამ (საუბარი იყო ცხვირზე).
"
1818,1818,"ბანქო (და მისი მასტები - ყვავი, ჯარი, აგური, გული).
"
1819,1819,"""... ამ როიალს დაათრევენ"".
"
1820,1820,"კაიფი
"
1821,1821,"საუბარია ჭიპზე
"
1822,1822,"ინტერნეტის (”ინტერნეტის პათოლოგიური გამოყენება”).
"
1823,1823,"გუშინდელი დღე (ანუ, ერთ დრეში ისმეოდა მილიარდი ჭიქა ”კოკა-კოლა”)
"
1824,1824,"ქალი
"
1825,1825,"”... თქვენ რაღაც ვერ შეამჩნიეთ.”
"
1826,1826,"ცხვირსახოცი
"
1827,1827,"...მოსამართლეზე.
"
1828,1828,"”...მეტოქე.”
"
1829,1829,"“…არ აგებს ცუდი  კარტებით.”
"
1830,1830,"""... ყურების გარეშე"" (თავად ყელ-ყურის ექიმი იყო :-)
"
1831,1831,"ეს ყველა პასიანსის სახეობებია
"
1832,1832,"პამპერსი (Pamper - განებივრება)
"
1833,1833,"”პოხმელიე”, ”პახმელია” (ბახუსი)
"
1834,1834,"ცხენის მოპარვა
"
1835,1835,"ის მიიღეს 1 კილოგრამი მასის ერთეულად.
"
1836,1836,"კოკა-კოლა და კოკაინი
"
1837,1837,"ბედს
"
1838,1838,"ავტომობილის საბურავები
"
1839,1839,"საუბარია ღირსებაზე
"
1840,1840,"მოქალაქეობაზე
"
1841,1841,"სიტყვა
"
1842,1842,"პირამიდა
"
1843,1843,"”...შეინახავს სხვის არმიას.”
"
1844,1844,"ჭაღარა
"
1845,1845,"აისბერგების სასმელ წყლად გამოყენება
"
1846,1846,"საუბარია ჭკუაზე
"
1847,1847,"40% (საუბარი იყო არაყზე. პასუხი ”40 გრადუსი” არასწორია, რადგან არყის მახასიათებელი რიცხვი 40 არის პროცენტი, რომელიც გამოსახავს სასმელში სპირტის კონცენტრაციას.)
"
1848,1848,"ავტომობილის მძღოლები
"
1849,1849,"კიტრი (აქედანაა რუსული ”აგურეც”)
"
1850,1850,"მიწა
"
1851,1851,"სან ფრანცისკო
"
1852,1852,"""ჯენტლმენი"".
"
1853,1853,"პენტაგონი და ""პენტჰაუზი"" (ნიშანი - პენტოგრამა).
"
1854,1854,"საუბარია ფრანკენშტაინზე.
"
1855,1855,"სემუელ მორზე (რომელმაც გამოიგონა პირველი ტელეგრაფის აპარატი).
"
1856,1856,"სტალინზე.
"
1857,1857,"""... ის არ იმეორებს სხვის ხუმრობას"".
"
1858,1858,"კოცნა.
"
1859,1859,"""ქართლის დედა"".
"
1860,1860,"ტოკიო (1964), საპორო (1972) და ნაგანო (1998) (იაპონური ქალაქები, რომლებმაც უმასპინძლეს ოლიმპიურ თამაშებს).
"
1861,1861,"დაბადება.
"
1862,1862,"""ქარწაღებულნი"".
"
1863,1863,"23 ხოხობი და 12 კურდღელი.
"
1864,1864,"ფეხბურთი და პოლიტიკა.
"
1865,1865,"უკანა ხედვის სარკე.
"
1866,1866,"ევროპა და აზია.
"
1867,1867,"გვარი :-).
"
1868,1868,"995 (ეს არის საქართველოს საერთაშორისო სატელეფონო კოდი).
"
1869,1869,"იმიტომ რომ აპელესი პასუხის წინ დაფიქრდა.
"
1870,1870,"საუბარი იყო საჭეზე (თუ თქვენ გიდევნებიათ თვალყური ""ფორმულა-1""-ის რბოლებისთვის, ალბათ შეამჩნევდით, რომ მძღოლები ბოლიდიდან გამოსვლის წინ ხსნიან საჭეს, ვინაიდან სხვანაირად ვერც გამოეტევიან მანქანიდან).
"
1871,1871,"საფრანგეთი (თუ თქვენ წაიკითხავთ მოცემულ 12 სიტყვას ფრანგულად, თქვენ მიიღებთ ფრანგული რესპუბლიკური კალენდრის თვეების დასახელებებს).
"
1872,1872,"ვატიკანი (ნულოვანი კოეფიციენტით).
"
1873,1873,"მანჰეტენი.
"
1874,1874,"""სერ, კვერცხი ხომ არ მოგართვათ?""
"
1875,1875,"ბენჯამინ ფრანკლინი (რომლის პორტრეტიც ალბათ ყველას აქვს ნანახი 100 დოლარიანზე).
"
1876,1876,"""... გადამდები"".
"
1877,1877,"მისალოცი ბარათი.
"
1878,1878,"ამ ყველასათვის კარგად ცნობილ ინგლისურ ხომალდს ერქვა ყვითელი წყალქვეშა ნავი (Yellow Submarine).
"
1879,1879,"ამ გაერთიანებას ერქვა ""კობრა"" (<b>კო</b>პენჰაგენი,  <b>ბრ</b>იუსელი,  <b>ა</b>მსტერდამი).
"
1880,1880,"ამ მოლუსკს სინამდვილეში აქვს ცისფერი სისხლი.
"
1881,1881,"ყოველი ქვეყნის წინ მოცემული რიცხვები აღნიშნავენ მათ დროშებზე ვარსკვლავების რაოდენობას.
"
1882,1882,"ეს ბოროტმოქმედება, რომლის ჩადენისათვის არავის არ სჯიან (ყოველ შემთხვევაში, დედამიწაზე  :-) არის თვითმკვლელობა.
"
1883,1883,"3,14 (ყველასათვის კარგად ცნობილი რიცხვი  π (პი): 3,14159265358979... და ა.შ.)
"
1884,1884,"""... მატარებელს"" (მან იგულისხმა, რომ იგი ელოდებოდა სპექტაკლის ფინალს, როდესაც ანა კარენინა მატარებელს უვარდებოდა ბორბლებქვეშ).
"
1885,1885,"მოსკოვში ჩავიდა ჯგუფი ""Rolling Stones"".
"
1886,1886,"”გინესი” (ეს ლეგენდა შეეხებოდა ”გინესის რეკორდების წიგნის” შექმნის იდეის დაბადებას).
"
1887,1887,"101 წელი (0,71 + 15 + 85 + 0,29).
"
1888,1888,"იგი იყო პრინცი (საუბარი იყო დანიაზე. პირველ ადგილზე გავიდა დანიის პრინცი ჰამლეტი. დანარჩენები კი იყვნენ: ბენდტ ლარსენი, ლარს ფონ ტრიერი, მარტინ ანდერსენ-ნეკსე, ჰერლიუფ ბიდსტრუპი, სერენ კერკეგორი, ბერტელ ტორვალდსენი, ტიხო ბრაგე, ნილს ბორი და ჰანს ქრისტიან ანდერსენი).
"
1889,1889,"რათა საუბრის ჩამწერ მოწყობილობაში ლენტი გამოეცვალათ.
"
1890,1890,"ენას.
"
1891,1891,"ეს იყო დედამიწის პირველი ხელოვნური თანამგზავრი.
"
1892,1892,"ამ შესწორების მიხედვით აკრძალულია მონათმფლობელობა, პატენტი კი გულისხმობს დაპატენტებული ობიექტის ფლობისა და გაყიდვის თავისუფლებას.
"
1893,1893,"ეს სიტყვაა ”აუთსაიდერი”.
"
1894,1894,"”... ჩვენ გვჭირდება ჭიქა!” (კალამბური აგებულია იმაზე, რომ ინგლისურ ენაში სიტყვას “cup” აქვს ორმაგი დატვირთვა - იგი იხმარება როგორც ”ჭიქა” და აგრეთვე, როგორც ”თასი”. ორიგინალში კი დევიზი ასე ჟღერს: ”We have Coffee, we need cup!” – ”ჩვენ გვაქვს კოფფი, ჩვენ გვჭირდება თასი!”).
"
1895,1895,"პოეტია პუშკინი (ნაწარმოები - ”პიკის ქალი”, ხოლო ბანქოს ქაღალდი - ყვავის ქალი).
"
1896,1896,"რობოკოპი (ან ”რობოტ-პალიცეისკი”  :-).
"
1897,1897,"ამ ბავშვების მამა იყო თეოდორ რუზველტი, ხოლო საცხოვრებელი ადგილი კი, შესაბამისად, იყო თეთრი სახლი.
"
1898,1898,"ამ მეთოდის მიხედვით, სურათი მით უფრო ძვირი ღირდა, რაც უფრო მეტი პერსონაჟი იყო მასზე გამოსახული.
"
1899,1899,"მერი პოპინსი.
"
1900,1900,"საუბარი იყო ჭიამაიაზე (კლასი არის მწერები, ხოლო სიტყვა ”ჭიამაია”-ში რატომღაც მოხსენიებულია ამავე კლასის სხვა სახეობა - ჭიები).
"
1901,1901,"მისი გვარი იყო გობელენი (და, შესაბამისად, ნაწარმიც არის გობელენის ქსოვილი).
"
1902,1902,"მსოფლიოს საფეხბურთო ჩემპიონატის მატჩებს.
"
1903,1903,"ჩვენ მას ჩინეთის დიდ კედელს ვუწოდებთ.
"
1904,1904,"""ეგოისტი"".
"
1905,1905,"საუბარია კორსიკაზე.
"
1906,1906,"""... ომის წარმოება მოკავშირეების გარეშე"".
"
1907,1907,"""Hotel California"".
"
1908,1908,"ეს მწერალი იყო მიგელ სერვანტესი (ვირი ინგლისურად არის Donkey. ამერიკელ მოსწავლეს ეგონა, რომ მიგელ სერვანტესმა დაწერა წიგნი სახელწოდებით ""Donkey Hote"", ანუ ""ვირი სახელად Hote"").
"
1909,1909,"“ABBA” (1815 წელს ვატერლოოში განიცადა უკანასკნელი მარცხი ნაპოლეონმა. 1974 წელს ""Eurovision""-ის კონკურსზე ჯერ კიდევ უცნობმა ჯგუფმა ""ABBA"" შეასრულა სიმღერა ""ვატერლოო"" და ამით მიიპყრო მთელი მსოფლიოს ყურადღება).
"
1910,1910,"მათხოვრებმა.
"
1911,1911,"ტუტანხამონის შესახებ.
"
1912,1912,"ეს ქვეყანაა შვედეთი (ხოლო საქვეყნოდ ცნობილ ""საჯარისო"" შენაერთს, რომელიც დაიშალა არც ისე დიდი ხნის წინ, ერქვა Army of Lovers).
"
1913,1913,"ბილ კლინტონის წინააღმდეგ (საუბარია იმპიჩმენტზე. 1868 წელს ეს პროცედურა აღიძრა ენდრიუ ჯონსონის წინააღმდეგ, ხოლო 1974 წელს კი რიჩარდ ნიქსონი არ დაელოდა კონგრესის მიერ იმპიჩმენტის შესახებ კენჭისყრას და თვითონ გადადგა. სწორედ მის გადადგომის, და არა იმპიჩმენტის საკითხს უყარა კენჭი 1974 წელს კონგრესმა).
"
1914,1914,"ბრაზილია.
"
1915,1915,"შერიფი (შარიფი).
"
1916,1916,"""აუდის"" (მისი ემბლემა წარმოადგენს ოთხ გადაჯაჭვულ რგოლს).
"
1917,1917,"ინტერნეტის (ინტერნეტის პათოლოგიური გამოყენება. დროზე შეჩერდით :-)
"
1918,1918,"ჟანა დ’არკი.
"
1919,1919,"ინგლისური ენა (პირველები არიან ინგლისელები, ხოლო მეორეები - ამერიკელები. ოსკარ უაილდის აზრით, ამერიკელებს და ინგლისელებს ერთი საერთო რამ - ინგლისური ენა ყოფსო).
"
1920,1920,"საუბარი იყო შეერთებული შტატების პრეზიდენტობაზე.
"
1921,1921,"საუბარია სტაფილოზე.
"
1922,1922,"წვიმის წვეთები (ლექსს ეწოდება ”ფანჯრის წინ”. აი, მისი დასაწყისი:         Вот две капли дождевые        На стекле. Они живые.        Кто скорей домчится вниз,        Та получит первый приз.        Каждой капле дал я имя:        Это - Джонни, это - Джимми).
"
1923,1923,"საუბარია კიანუ რივზზე (აღწერილი იყო მისი ბიოგრაფია და ფილმოგრაფია. ის ერთი ადგილი კი, რომელიც არ დავასახელეთ, იყო მატრიცა).
"
1924,1924,"სტენდალი (და მისი ნაწარმოები ”წითელი და შავი”; ხოლო სურათები - კაზიმირ მალევიჩის ”წითელი კვადრატი” და ”შავი კვადრატი”).
"
1925,1925,"ამ კლუბის წევრები ლილიპუტები არიან.
"
1926,1926,"შვეიცარიიდან (დღემდე სახლებსა და სასტუმროებს შვეიცარები ”იცავენ”).
"
1927,1927,"სოქსი, საქსი და სექსი (საუბარი იყო ბილ კლინტონზე და მის საყვარელ კატა სოქსზე, ინსტრუმენტ საქსაფონზე, ხოლო მესამე - უკომენტაროდ).
"
1928,1928,"ორსულობის ხანგრძლივობას (ცნობისათვის: ბოცვერი - 20 დღე, კურდღელი - 50 დღე, ვირი - 12 თვე და სპილო - 22 თვე).
"
1929,1929,"მათ აერთიანებთ სიტყვა “ბარათი” (ლათინურად უნდა გადაგეთარგმნათ სიტყვა “ნდობა” - “კრედიტი”; შემდეგ უნდა მიგეღოთ ზედსართავი სახელები “ყვითელი”, “პლასტიკური” და “საკრედიტო”. სამივე მათგანი გამოიყენება ბარათის აღსანიშნავად).
"
1930,1930,"საუბარი იყო მზეზე (არსებობს ტერმინი “გალაქტიკური წელიწადი”, ამიტომაც საკმაოდ ხშირად გამოიყენება ისეთი ტერმინებიც, როგორიცაა “გალაქტიკური კვირა” ან “გალაქტიკური საათი”. გალაქტიკური წელიწადი უდრის დროის იმ მონაკვეთს, რომელსაც გალაქტიკა ანდომებს თავისი ღერძის გარშემო ერთხელ შემობრუნებას, რაც დაახლოებით 200 მილიონ დედამიწურ წელიწადს შეადგენს. მზის წარმოქმნის ხანგრძლივობა რამოდენიმე ათეული მილიონი დედამიწური წელია, მისი ასაკი - დაახლ. 5,1 მლრდ. წელი, ხოლო პლანეტების ასაკი კი - 4,5 მლრდ. წელიწადი. ცხრიდან შვიდ პლანეტას თანამგზავრები ჰყავს, და, თანაც იუპიტერს და სატურნს დაახლოებით 20 (მათი რაოდენობა სხვადასხვა წყაროში - სხვადასხვაა)).
"
1931,1931,"კარები.
"
1932,1932,"მოძრავი ავტომობილის (დროშებიანი ადამიანები ხალხს აფრთხილებდნენ, რომ ავტომობილი მოდიოდა).
"
1933,1933,"“... რომ კიდევ ვაპირებ ეიზენჰაუერისთვის ხმის მიცემას.”
"
1934,1934,"საუბარია ფეხსაცმელების გახდაზე (მიკი მაუსი ამბობდა, რომ არითმეტიკის ცოდნა ნიშნავს შეგეძლოს ოცამდე ისე დაითვალო, რომ ფეხზე არ გაიხადო, ანუ ფეხის თითებიც არ მოიშველიო, როცა ხელის ათი თითი დაგიმთავრდებაო).
"
1935,1935,"ახალ ფილმს უკვე არა მარტო მას, არამედ მის ნათესავებს და ახლობლებსაც აჩვენებდნენ.
"
1936,1936,"მარკ ტვენის (“ტომ სოიერი”; ამ ციტატაში ტომ სოიერი თავის შეყვარებულზე, ბეკი ტეტჩერზე ლაპარაკობდა).
"
1937,1937,"ეინშტეინმა ისინი გერმანულად წარმოსთქვა, ხოლო იქ მასთან ერთად მყოფთაგან გერმანული არცერთმა არ იცოდა.
"
1938,1938,"ეს სურათი მათ კაშხალზე დახატეს.
"
1939,1939,"საუბარი იყო მზეზე.
"
1940,1940,"კიბერნეტიკა.
"
1941,1941,"ელემენტების პერიოდულობის სისტემა (საუბარი იყო ქიმიურ ელემენტებზე).
"
1942,1942,"მან სთქვა, რომ ისტრორია ყველაზე მეტად ისტორიკოსებმა შეცვალესო.
"
1943,1943,"ამ ჯგუფის ფუნქციაა ხელი შეუშალოს თვითმკვლელობაში კლიენტს, რომელმაც დიდი თანხა წააგო.
"
1944,1944,"“... ის მაინც ბრუნავს!”
"
1945,1945,"ეს პლაკატი ემსახურებოდა ჩრჩილის საწინააღმდეგო საშუალების რეკლამას.
"
1946,1946,"საუბარია დღიურზე, რომელსაც წერდა ლორა პალმერი.
"
1947,1947,"წმინდა ისიდორე ინტერნეტის მფარველია (იგი შეიძლება ჩაითვალოს პირველი მონაცემთა ბაზის შემქმნელად).
"
1948,1948,"მიზეზი იყო ის, რომ საერთაშორისო ოლიმპიური კომიტეტი თამაშების ჩატარების უფლებას ანიჭებდა მხოლოდ გარკვეულ ქალაქებს და არა სახელმწიფოებს, ამიტომ მათ წარწერა “1972 წლის ოლიმპიური თამაშები გერმანიაში” არასწორად ჩათვალეს.
"
1949,1949,"საუბარია სახელმწიფოს ქალ პრეზიდენტებზე.
"
1950,1950,"""If you have a Green Card, you do not need Visa"" (როგორც ცნობილია, American Express-ის საკრედიტო ბარათი მწვანე ფერისაა).
"
1951,1951,"ყაზახეთი (საუბარია სახელმწიფოებზე,   რომლებსაც არ გააჩნიათ საზღვაო ნაპირი).
"
1952,1952,"საუბარია ფოტოაპარატზე (ხოლო ანეკდოტებს ის ყვება რა თქმა უნდა იმისათვის,   რომ გააცინოს ისინი,   ვისაც სურათს უღებენ).
"
1953,1953,"საუბარია რიცხვებზე,   რომელთა დასახელებაში ასოების რაოდენობა ამავე რიცხვების ტოლია (ქართულ და ინგლისურ ენებში ასეთი რიცხვი მხოლოდ ერთია - 4 -   ოთხი, four).
"
1954,1954,"საფეხბურთო არბიტრები,   რომელთა კარიერის მწვერვალად ითვლება მსოფლიო ჩემპიონატის საფინალო თამაშის მსაჯობა,   რაც,   როგორც ცნობილია,   შესაძლებელია მხოლოდ იმ შემთხვევაში,  თუ მათი ქვეყნის ეროვნული ნაკრები ფინალის მიღმა დარჩება.
"
1955,1955,"ეს იყო გაბენის ""წილი"" მისი კბილის გაყიდვისგან.
"
1956,1956,"ჭადრაკი (საჭადრაკო პარტიის დასაწყისს,   როდესაც ერთ-ერთი მხარე წირავს პაიკ(ებ)ს ან ფიგურას ინიციატივის მოსაპოვებლად ეწოდება გამბიტი.   ტერმინი მოდის იტალიური გამოთქმიდან dare il gambetto,   რაც ნიშნავს ფეხის დადებას.   გამბიტების აღწერა ხდება სიტყვების გარეშე,   სპეციალური საჭადრაკო სიმბოლოების გამოყენებით).
"
1957,1957,"გეა და ოკეანოსი (გეოგრაფია და გეოლოგია ორი განსხვავებული მეცნიერებაა,   ხოლო ოკეანოგრაფია და ოკეანოლოგია ერთი და იგივეა).
"
1958,1958,"სიდედრი (ან დედამთილი - ""Mother-in-law"").
"
1959,1959,"როგორც ცნობილია,  ლა-პასი მდებარეობს ზღვის დონიდან 3684  მ სიმაღლეზე.   ასეთ სიმაღლეზე კი ცეცხლი უბრალოდ არ ვრცელდება ჟანგბადის უკმარისობის გამო.   ამიტომაც ბოლივიის დედაქალაქში არ არსებობს სახანძრო სამსახური.
"
1960,1960,"ორგანიზატორებმა ფესტივალის პროგრამაში შეიტანეს ჭოკით ხტომა (მათ ჩათვალეს,   რომ ეს არის ადამიანის ტყორცნა).
"
1961,1961,"ეს კანონი მოითხოვს საჭესთან დაჯდომისას უსაფრთხოების ქამრის გადაჭიმვას.
"
1962,1962,"3% ოქროს ხელოვნური კბილების დასამზადებლად იხარჯება.
"
1963,1963,"ეს ნივთია საათი (ამ ნივთის დეტალები კი საათის, წუთის და წამების ისრები, შესაბამისად).
"
1964,1964,"ისინი გვირჩევენ ცოტა ხნით მაინც მოვერიდოთ “ტეტრისის” თამაშს.
"
1965,1965,"თუ ამ დროისთვის 1 შვილზე მეტი არ ეყოლებათ.
"
1966,1966,"ეს 5 წამი უნდა დახარჯოთ ავტომობილში ჩაჯდომისას უსაფრთხოების ქამრის გადაჭიმვისთვის.
"
1967,1967,"საუბარია პროდუქტების საზიდავ ურიკაზე, რომელიც მრავლადაა მსოფლიოს ყველა სუპერმარკეტში.
"
1968,1968,"“... და გაუშვით თაგვი” (საუბარი იყო თაგვების დასაჭერ საკმაოდ ჰუმანურ მოწყობილობაზე).
"
1969,1969,"საუბარია ფაიფურზე.
"
1970,1970,"“რძიანი გზა” ძველბერძნულად ითარგმნება, როგორც “გალაქტიკა”.
"
1971,1971,"საუბარია ცხვირსახოცზე.
"
1972,1972,"ბავშვს ხელში ჩასახვის საწინააღმდეგო აბი ეჭირა.
"
1973,1973,"ეს კაბა თავისუფლების ქანდაკებას შეუკერეს.
"
1974,1974,"ფეხსაცმელი ღირდა 140 ლარი.
"
1975,1975,"“... გარდა ფულისა.”
"
1976,1976,"იგი გახდა ნობელის პრემიის ლაურეატი 1905 წელს (1905 წლის ნობელის პრემია მშვიდობის დარგში, ბერტა ფონ ზუტნერი (ქმრის გვარია), ის ჯენტლმენი კი თვით ალფრედ ნობელი გახლდათ).
"
1977,1977,"თქვენ უნდა დათვალოთ ცაზე ვარსკვლავების რაოდენობა (მათი აზრით, ყოველ ხეს აქვს თავისი ვარსკვლავი და პირიქით).
"
1978,1978,"“... გამოღვიძება”.
"
1979,1979,"ჟირაფი.
"
1980,1980,"ვიდობისა, ამხანაგო მზე!
"
1981,1981,"მერლინ მენსონი (ლამაზმანი მერლინ მონრო და მკვლელი ჩარლზ მენსონი).
"
1982,1982,"თარიღი, რომლის შემდეგაც ყველი მომწიფდება და ნებადართული იქნება მისი ჭამა.
"
1983,1983,"სანკტ-პეტერბურგში (საუბარია თეთრ ღამეებზე).
"
1984,1984,"იგი ითვლება სეიფის გამომგონებლად.
"
1985,1985,"ეს ძეგლი დაუდგეს ალფრედ ნობელს (ამოტვიფრული კი, 271 ნობელის ლაურეატი ამერიკელის სიაა).
"
1986,1986,"ჩვამებს რკინის რგოლები ყელზე უკეთიათ, რათა დაჭერული თევზი არ გადაყლაპონ.
"
1987,1987,"ნანო.
"
1988,1988,"პირველი და ბოლო ფურცელი.
"
1989,1989,"იმიტომ, რომ ეს ხელს შეუწყობდა ეტიკეტის ნორმების დაცვას - მომრგვალებული თავებიანი დანებით ხალხი კბილს ვეღარ გამოიჩიჩქნიდა.
"
1990,1990,"“აელიტა”.
"
1991,1991,"ფეხბურთის მეკარე.
"
1992,1992,"“და ა.შ.”
"
1993,1993,"მათემატიკა და ფიზიკა.
"
1994,1994,"დონორი.
"
1995,1995,"ფოლკნერმა კურდღლებს ყურები გაუზარდა.
"
1996,1996,"ამ ბგერების წარმოთქმისას ისხმევა უფრო მეტი ნერწყვი და იბნევა უფრო მეტი მიკრობი.
"
1997,1997,"რვაფეხები (თოკზე გამომბულ რვაფეხას წყალქვეშ უშვებდნენ და ისინიც თავშესაფრის ძიებაში ვაზებში შედიოდნენ. მეთევზეები თოკს ამოსწევდნენ და რვაფეხაც და ვაზაც ერთად ამოჰქონდათ).
"
1998,1998,"ეიფელის კოშკი.
"
1999,1999,"გაერო-ს გენერალური მდივანი (ბუტროს ბუტროს გალი).
"
2000,2000,"თარჯიმნების ხელფასში.
"
2001,2001,"ფოქსტროტს (“მელიის ნაბიჯი”. ეს სახელი ამ მოძრაობების მიხედვით ეწოდა არა ცეკვას, არამედ პირიქით. ფოქსტროტს კი სახელი მისი გამომგონებლის - ჰარი ფოქსის გვარის მიხედვით ეწოდა, რომელმაც ეს ცეკვა პირველად ნიუ-იორკში 1913 წელს შეასრულა ერთ-ერთ შოუზე).
"
2002,2002,"ამ ხეობას ერქვა ნეანდერტალი, რომელმაც მისცა სახელწოდება Homo Sapiens-ის მთელ ქვეჯგუფს.
"
2003,2003,"“1001 ღამე”.
"
2004,2004,"აი, ეს მესმის სერვისი - ლანგარზე და თანაც ხელსახოცით!
"
2005,2005,"ეს დეტალია ჩაფხუტი.
"
2006,2006,"ძმები თამაშობდნენ ერთმანეთის წინააღმდეგ (მარტინი გერმანიის ნაკრების შემადგენლობაში, რობერტი - ჩეხეთის, ფრანტიშეკი - ჩეხოსლოვაკიის და ზადენეკი - ავსტრიის).
"
2007,2007,"სავალდებულო სამხედრო სამსახურისგან.
"
2008,2008,"ცხენებს დღეს ქუჩებში სხვა ცხენის ეშინიათ.
"
2009,2009,"ეს ნაკლია ინგლისური ენის არცოდნა - მათ არ იცოდნენ ინგლისური ენა.
"
2010,2010," - ლონდონი - 430 კმ;
"
2011,2011,"საუბარია ათეისტებზე.
"
2012,2012,"ადამი.
"
2013,2013,"ამ ყუთში იდო კომპიუტერის ჯოისტიკი.
"
2014,2014,"ტუჩის პომადა.
"
2015,2015,"არნოლდ შვარცნეგერი (”საუბარია ტემინატორზე”).
"
2016,2016,"კარიესი.
"
2017,2017,"ამთავრებს თხრობით წინადადებას (საუბარია სასვენ ნიშნებზე “.” “:” “...”).
"
2018,2018,"იგულისხმება პიზას კოშკის წაქცევა.
"
2019,2019,"მაისი (საუბარი იყო წელიწადის დროებზე).
"
2020,2020,"მან დირაკს უთხრა, რომ ნობელის პრემიაზე უარის თქმა უფრო დიდი რეკლამა იქნება, ვიდრე მისი აღებაო.
"
2021,2021,"ეს დეტალი იყო სათაური (“ფუნთუშას” მაგივრად წიგნს დაარქვეს “როგორ ასრულდა ერთი ფრანგი მეძავის წყევლა” და ისიც უზარმაზარი რაოდენობით გაიყიდა).
"
2022,2022,"რეკლამა.
"
2023,2023,"ელტონ ჯონი (სიმღერა “Can You Feel The Love Tonight” ფილმისთვის “მეფე ლომი” - “The Lion King”).
"
2024,2024,"ჩვენ ამ მტერს მთვარეს ვუწოდებთ (საუბარი იყო მზის დაბნელებაზე).
"
2025,2025,"ეს არის ლიმუზინი.
"
2026,2026,"რადგანაც საუდის არაბეთში ტექსტს მარჯვნიდან მარცხნივ კითხულობენ, ნახატებიც და რეკლამის არსიც პირიქით აღიქვეს.
"
2027,2027,"ერნო რუბიკი (გამოიგონა ე.წ. “რუბიკის კუბი”).
"
2028,2028,"ეს დეტალია უსაფრთხოების ქამარი.
"
2029,2029,"ამოვიდა 1923 წელს. 1998 წლის მონაცემებით მარტო აშშ-ში 6 თვის განმავლობაში იგი 4 მილიონიანი ტირაჟით იბეჭდებოდა. დაასახელეთ ეს ჟურნალი.
"
2030,2030,"საუბარია ადამიანის თავის ტვინზე.
"
2031,2031,"“გემოვნებაზე არ დაობენ, მის გამო ერთმანეთს ცემენ, ლანძღავენ და ომობენ.”
"
2032,2032,"ეს ცხოველია მარტორქა.
"
2033,2033,"მათ ჩვენ პინგვინებს ვუწოდებთ.
"
2034,2034,"ეს წიგნია სატელეფონო ცნობარი.
"
2035,2035,"აფრებია მთავრობა.
"
2036,2036,"ლინკოლნის პორტრეტი ხუთდოლარიანზეა გამოსახული.
"
2037,2037,"პეტრე I-ის დროს რუსეთი კარტოფილს და პომიდორს არ იცნობდა.
"
2038,2038,"ეს რეკლამა ასანთის კოლოფზე იყო დაბეჭდილი.
"
2039,2039,"ქალებით.
"
2040,2040,"“Прекрасный пол ...”
"
2041,2041,"ecnalubmA (რათა მძღოლებმა სარკეში ამოიცნონ სასწრაფო დახმარების მანქანა).
"
2042,2042,"ჯიბის ქურდებს (ძველი რომაელებს ტანსაცმელზე ჯიბეები არ ჰქონდათ. ისინი ფულს სარტყელში ან მასზე დამაგრებულ ქისაში ინახავდნენ. ჯიბის ქურდების ლათინური სახელწოდებაც სწორედ აქედან მოდის და ის სიტყვასიტყვით ითარგმნება როგორც “სარტყელის მჭრელი” (zona - სარტყელი)).
"
2043,2043,"ჰარლეი-დევიდსონი.
"
2044,2044,"იმიტომ, რომ ყველამ კარგად იცის, თუ როგორი გემო უნდა ჰქონდეს ბორშჩს, მაგრამ ბაყაყის ფეხები ცოტას თუ აქვს გასინჯული (კონფუცის აქვს ასეთი სიტყვები: მამლის დახატვა უფრო რთულია, ვიდრე ეშმაკისო).
"
2045,2045,"სპამი.
"
2046,2046,"იმპერატორის ავადმყოფობის პერიოდში მედიკოსებს ხელფასს არ უხდიდნენ და ისინიც ყველა ღონეს ხმარობდნენ იმპერატორის მაქსიმალურად სწრაფად გამოჯანმრთელებისთვის.
"
2047,2047,"შუქნიშანი (საკვები დალაგებულია ფერების მიხედვით - წითელი, ყვითელი და მწვანე).
"
2048,2048,"საუბარია უმუშევრებზე.
"
2049,2049,"ეს არის 1871 წლის ხანძარი ჩიკაგოში. ჟურნალ “GEO”-ს მიხედვით, ეს ხანძარი გამოიწვია ძროხამ, რომელმაც სანტელი წააქცია.
"
2050,2050,"მეხუთე შვილს ერქვა კვინტი (ძველ რომში საკუთარ სახელებს მხოლოდ პირველ ოთხ შვილს არქმევდნენ, ხოლო დანარჩენების სახელები რიცხვებით განისაზღვრებოდა - კვინტი, სიქსტი და ა.შ.)
"
2051,2051,"მეორე ნაწილში მოთხრობილი იყო მითი ამ ღვთაების შესახებ.
"
2052,2052,"ადამიანი თვითონ ხდება მის მიერ ნათქვამი სიტყვის ტყვე.
"
2053,2053,"ეს რიცხვი გვიჩვენებს დღე-ღამეში ზრდის სიგრძეს (ანუ ეს კალიფორნიული წყალმცენარე ყველაზე სწრაფად იზრდება - დღე-ღამეში 50 სმ-ით).
"
2054,2054,"ამის მიზეზი ტურისტების სიმრავლეა - მათ ამ მთიდან სამახსოვროდ ქვები მიაქვთ.
"
2055,2055,"ეს სიტყვებია “მიველ, ვნახე, გავიმარჯვე” (ეს სიტყვები “Marlboro”-ს კოლოფს აწერია).
"
2056,2056,"დანარჩენების სიკვდილი შიშმა გამოიწვია.
"
2057,2057,"“...სიკვდილით”.
"
2058,2058,"ამ კანონის შესრულება ამტკიცებს იმას, რომ გოგომ ის ღამე სახლში გაატარა.
"
2059,2059,"მან თავის გაზეთში დაიწყო სტატიების და სხვა მასალის ნაწილ-ნაწილ გამოქვეყნება, ხალხი კი, დაინტერესებული სტატიის გაგრძელებით იძულებული იყო ეყიდა შემდეგი ნომერი, შემდეგ მომდევნო ნომერი და ა.შ. (ანუ, ერთი სიტყვით “გაგრძელება შემდეგ ნომერში”, რომელსაც დღესაც ხშირად შევხვდებით).
"
2060,2060,"“სექტემბრის” (“ათი სექტემბრის ადამიანი”).
"
2061,2061,"ეს სიტყვაა “პომადა” (ფრანგ. “la pome” - ნიშნავს ვაშლს. აქედანვე მოდის პომიდვრის სახელწოდება. “პომიდორი” ფრანგულად ჟღერს, როგორც “წითელი ვაშლი”).
"
2062,2062,"“ჩემი ბრძოლა” (“Main Kampf” - საუბარი იყო ადოლფ ჰიტლერზე).
"
2063,2063,"ჩინეთი (ჩამოთვლილი იყო ჩინეთის 16 სახმელეთო მეზობელი).
"
2064,2064,"ეს არის ოლიმპიური დროშის აღმართვის ცერემონია (და არა ოლიმპიური ცეცხლის ანთების. იგი პირველად 1928 წელს აანთეს).
"
2065,2065,"მას ან სხვისთვის უნდა მიეცა პასი, ან ბურთი პირდაპირ კალათისაკენ გაეგზავნა (დრიბლინგი მხოლოდ 5 წლის შემდეგ იქნა შემოღებული).
"
2066,2066,"მესამე ღორზე ეწერა ციფრი 4 (არეულობა კი 2 დღე იმიტომ გაგრძელდა, რომ ადმინისტრაცია ეძებდა ნომერ მესამე ღორს, რომელიც არ არსებობდა).
"
2067,2067,"ეს დამოკიდებულია იმაზე, თუ სად დგას ეს ასო - სიტყვის დასაწყისში, შუაში, ბოლოში თუ მარტო, განცალკევებით.
"
2068,2068,"მან იცოდა წერა (და თავისი ყველა გუნდელის მაგივრად ავსებდა დოკუმენტებს).
"
2069,2069,"რამოდენიმე საათით მწყობრიდან გამოვიდა მთელი ამერიკის ენერგოსისტემა, რის შედეგადაც ამერიკა მთელი ღამე სიბნელეში იჯდა...
"
2070,2070,"საუბარია ფიჭურ ტელეფონზე.
"
2071,2071,"MDCCLXXVI JULY IV, ანუ 1776 წლის 4 ივლისი - ეს თარიღი წერია წიგნზე, რომელიც ხელში უჭირავს თავისუფლების ქანდაკებას.
"
2072,2072,"აშშ-ს დროშა.
"
2073,2073,"ის გამჭვირვალეა (ბავშვებს ძალიან აინტერესებთ, თუ რა არის სათამაშოს შიგნით, გამჭვირვალე სათამაშო კი ამ ინტერესს მათ გარკვეულწილად უკარგავს).
"
2074,2074,"“...ებრაელებმა...”.
"
2075,2075,"უსინათლოები.
"
2076,2076,"“... მოვა შემდეგი”.
"
2077,2077,"მესამე ადგილზე ადამიანი დგას.
"
2078,2078,"ეს ელემენტია პლუტონიუმი (დისნეის პერსონაჟი კი ძაღლი სახელად პლუტო).
"
2079,2079,"“... რადგან ყველა სხვა ახლომდებარე ბენზინგასამართი სადგური - მირაჟია.”
"
2080,2080,"“ცხრა ერთი ერთი” (911 - სამაშველო სამსახურის ტელეფონის ნომერი აშშ-სა და ბევრ სხვა ქვეყანაში).
"
2081,2081,"რადიოსადგურმა გადმოსცა,   რომ შეხვედრა დაგეგმილია კასაბლანკაში.   გერმანელებმა გადათარგმნეს Casa blanca,   როგორც ""თეთრი სახლი"",  და შეატყობინეს ხელმძღვანელობას,   რომ რუზველტი და ჩერჩილი უნდა შეხვდნენ ერთმანეთს ვაშინგტონში.
"
2082,2082,"უმცროსი - JR (junior), რეზუს-ფაქტორი - RH, კომპიუტერული ფირმა - HP (Hewlett Packard), პერსონალური კომპიუტერი - PC, ლაზერული დისკი - CD. ანუ, სიის ყოველი წევრის მეორე ასო შემდეგი წევრის პირველ ასოს ემთხვევა. წრეს კრავს აბრევიატურა DJ (დი-ჯეი, დისკ-ჟოკეი).
"
2083,2083,"ყოფილი ""პოლიციელი"" არის ინგლისელი მომღერალი სტინგი, რომელიც ჯგუფ ""The Police""-ის წევრი იყო (მის ერთ-ერთ ალბომს ეწოდება ""Mercury Falling"", რაც, რასაკვირველია ითარგმნება არა როგორც ""მერკური ეცემა"" არამედ როგორც ""ტემპერატურა ეცემა"").
"
2084,2084,"აფრორემონტი (""ევრორემონტის"" ანტონიმი).
"
2085,2085,"""... mistakes"" (""დიდი საშლელი  დიდი შეცდომებისთვის"").
"
2086,2086,"დაფა და ცარცი.
"
2087,2087,"აისბერგი (საუბარია ""ტიტანიკის""   ტრაგედიაზე).
"
2088,2088,"ის, რომელიც დაიმსახურეთ.
"
2089,2089,"ეს არის ლექსიკონი (ეს ფრაზა ორიგინალში ასე ჟღერს: “Dictionary: A place where divorce comes before marriage”).
"
2090,2090,"ამ ციფრებს ქურდები ცვლიან (ეს ციფრები აღნიშნავს ამა თუ იმ მხატვრის მოპარული ტილოების რაოდენობას).
"
